seed,arm,checkpoint,game_hash,learner_hash,additional_actions,resets,completed_rollouts,training_successes,current_rollout_actions,known_states,known_pairs,known_goals,recorded_transition_count,first_goal_observation_step,first_known_goal_step,fallback_calls,selector_calls,field_recomputations,online_cpu_seconds,online_wall_seconds,field_cpu_seconds,selector_cpu_seconds,evaluation_successes,evaluation_trials,evaluation_actual_actions,mean_capped_cost,evaluation_cpu_seconds,evaluation_learner_unchanged,recomputed_field_bitwise_equal,field_max_absolute_difference,peak_process_memory_bytes
79020001,frozen,0,40bca409a41576f6257aaaf484458dbb97025aa6ed3b149444420d7264fa2976,2cc9e8d92dfde772c076fdfaaeb0b1f0b8272ffe7761eddfc55cf880c2ccb7d9,0,0,0,0,0,411,1611,8,2500,,0,0,0,1,0.0,2.1999999262334313e-06,0.015625,0.0,50,50,350,7.0,0.015625,True,True,0.0,86945792
79020001,frozen,1000,40bca409a41576f6257aaaf484458dbb97025aa6ed3b149444420d7264fa2976,2cc9e8d92dfde772c076fdfaaeb0b1f0b8272ffe7761eddfc55cf880c2ccb7d9,1000,142,142,142,6,411,1611,8,2500,7,0,0,0,1,0.0,0.008849699999700533,0.015625,0.0,50,50,350,7.0,0.015625,True,True,0.0,87105536
79020001,frozen,5000,40bca409a41576f6257aaaf484458dbb97025aa6ed3b149444420d7264fa2976,2cc9e8d92dfde772c076fdfaaeb0b1f0b8272ffe7761eddfc55cf880c2ccb7d9,5000,714,714,714,2,411,1611,8,2500,7,0,0,0,1,0.046875,0.04548049999948489,0.015625,0.0,50,50,350,7.0,0.0,True,True,0.0,89956352
79020001,record_and_replan,0,40bca409a41576f6257aaaf484458dbb97025aa6ed3b149444420d7264fa2976,2cc9e8d92dfde772c076fdfaaeb0b1f0b8272ffe7761eddfc55cf880c2ccb7d9,0,0,0,0,0,411,1611,8,2500,,0,0,0,1,0.0,1.500000053056283e-06,0.015625,0.0,50,50,350,7.0,0.0,True,True,0.0,90771456
79020001,record_and_replan,1000,40bca409a41576f6257aaaf484458dbb97025aa6ed3b149444420d7264fa2976,1cf15e6223bd2dd3f0b21f47788e4a24cf954c71723ad6b3b7bc9e8904f3bc40,1000,142,142,142,6,411,1611,8,3500,7,0,0,0,1,0.03125,0.016880199999832257,0.015625,0.0,50,50,350,7.0,0.015625,True,True,0.0,90783744
79020001,record_and_replan,5000,40bca409a41576f6257aaaf484458dbb97025aa6ed3b149444420d7264fa2976,d48a72f9e205ca60f14c8ce4ec803e81b133b67ea9278a14a804589d1c4ca6a8,5000,714,714,714,2,411,1611,8,7500,7,0,0,0,1,0.09375,0.0831516999996893,0.015625,0.0,50,50,350,7.0,0.015625,True,True,0.0,91279360
79020001,record_replan_and_explore,0,40bca409a41576f6257aaaf484458dbb97025aa6ed3b149444420d7264fa2976,2cc9e8d92dfde772c076fdfaaeb0b1f0b8272ffe7761eddfc55cf880c2ccb7d9,0,0,0,0,0,411,1611,8,2500,,0,0,0,1,0.0,1.500000053056283e-06,0.015625,0.0,50,50,350,7.0,0.015625,True,True,0.0,91549696
79020001,record_replan_and_explore,1000,40bca409a41576f6257aaaf484458dbb97025aa6ed3b149444420d7264fa2976,1cf15e6223bd2dd3f0b21f47788e4a24cf954c71723ad6b3b7bc9e8904f3bc40,1000,142,142,142,6,411,1611,8,3500,7,0,0,0,1,0.015625,0.0166917999999896,0.015625,0.0,50,50,350,7.0,0.015625,True,True,0.0,91557888
79020001,record_replan_and_explore,5000,40bca409a41576f6257aaaf484458dbb97025aa6ed3b149444420d7264fa2976,d48a72f9e205ca60f14c8ce4ec803e81b133b67ea9278a14a804589d1c4ca6a8,5000,714,714,714,2,411,1611,8,7500,7,0,0,0,1,0.078125,0.08303380000006655,0.015625,0.0,50,50,350,7.0,0.0,True,True,0.0,91570176
79020000,frozen,0,ece8d89ec09523951c7f06e168e63c11864f056ea51e91071108ace2f230a731,590de2e5f89bed23c3d17e5edfa7909139efdc24bb6b67f8740a67241ab76543,0,0,0,0,0,288,1252,4,2500,,0,0,0,1,0.0,2.0999999605919584e-06,0.0,0.0,50,50,550,11.0,0.0,True,True,0.0,84840448
79020000,frozen,1000,ece8d89ec09523951c7f06e168e63c11864f056ea51e91071108ace2f230a731,590de2e5f89bed23c3d17e5edfa7909139efdc24bb6b67f8740a67241ab76543,1000,90,90,90,10,288,1252,4,2500,11,0,0,0,1,0.0,0.009213699999975233,0.0,0.0,50,50,550,11.0,0.015625,True,True,0.0,85315584
79020000,frozen,5000,ece8d89ec09523951c7f06e168e63c11864f056ea51e91071108ace2f230a731,590de2e5f89bed23c3d17e5edfa7909139efdc24bb6b67f8740a67241ab76543,5000,454,454,454,6,288,1252,4,2500,11,0,0,0,1,0.0625,0.06283259999997881,0.0,0.0,50,50,550,11.0,0.015625,True,True,0.0,88031232
79020000,record_and_replan,0,ece8d89ec09523951c7f06e168e63c11864f056ea51e91071108ace2f230a731,590de2e5f89bed23c3d17e5edfa7909139efdc24bb6b67f8740a67241ab76543,0,0,0,0,0,288,1252,4,2500,,0,0,0,1,0.0,1.6000000186977559e-06,0.0,0.0,50,50,550,11.0,0.0,True,True,0.0,88387584
79020000,record_and_replan,1000,ece8d89ec09523951c7f06e168e63c11864f056ea51e91071108ace2f230a731,a01e03fc2f16103d79e1f54efa07a4868d2eafba892bd841f15952b9cfbaf146,1000,90,90,90,10,288,1252,4,3500,11,0,0,0,1,0.015625,0.016900399999997262,0.0,0.0,50,50,550,11.0,0.015625,True,True,0.0,88387584
79020000,record_and_replan,5000,ece8d89ec09523951c7f06e168e63c11864f056ea51e91071108ace2f230a731,98abd5d9254875623a9e67e54e1c5b87eecefcda7ce5f178c85107843186198d,5000,454,454,454,6,288,1252,4,7500,11,0,0,0,1,0.078125,0.0866252000000145,0.0,0.0,50,50,550,11.0,0.0,True,True,0.0,88793088
79020000,record_replan_and_explore,0,ece8d89ec09523951c7f06e168e63c11864f056ea51e91071108ace2f230a731,590de2e5f89bed23c3d17e5edfa7909139efdc24bb6b67f8740a67241ab76543,0,0,0,0,0,288,1252,4,2500,,0,0,0,1,0.0,1.6999999843392288e-06,0.015625,0.0,50,50,550,11.0,0.0,True,True,0.0,88936448
79020000,record_replan_and_explore,1000,ece8d89ec09523951c7f06e168e63c11864f056ea51e91071108ace2f230a731,a01e03fc2f16103d79e1f54efa07a4868d2eafba892bd841f15952b9cfbaf146,1000,90,90,90,10,288,1252,4,3500,11,0,0,0,1,0.015625,0.01708489999992935,0.015625,0.0,50,50,550,11.0,0.015625,True,True,0.0,88936448
79020000,record_replan_and_explore,5000,ece8d89ec09523951c7f06e168e63c11864f056ea51e91071108ace2f230a731,98abd5d9254875623a9e67e54e1c5b87eecefcda7ce5f178c85107843186198d,5000,454,454,454,6,288,1252,4,7500,11,0,0,0,1,0.09375,0.08607809999989513,0.015625,0.0,50,50,550,11.0,0.0,True,True,0.0,88936448
79020004,frozen,0,08f6ff125be8ff4990ee1c594344f81c9685afb3e48b8c4964d374d16cc0e6a2,d335fe32a26effca237ffa9829ccfa26fe0c3cbb6b730434e0fa41df8e188d45,0,0,0,0,0,448,1716,0,2500,,,0,0,1,0.0,1.9000000293090125e-06,0.0,0.0,0,50,5000,100.0,0.03125,True,True,0.0,86974464
79020004,frozen,1000,08f6ff125be8ff4990ee1c594344f81c9685afb3e48b8c4964d374d16cc0e6a2,d335fe32a26effca237ffa9829ccfa26fe0c3cbb6b730434e0fa41df8e188d45,1000,9,10,0,100,448,1716,0,2500,,,1000,0,1,0.015625,0.021110399999997753,0.0,0.0,0,50,5000,100.0,0.03125,True,True,0.0,88141824
79020004,frozen,5000,08f6ff125be8ff4990ee1c594344f81c9685afb3e48b8c4964d374d16cc0e6a2,d335fe32a26effca237ffa9829ccfa26fe0c3cbb6b730434e0fa41df8e188d45,5000,49,50,0,100,448,1716,0,2500,,,5000,0,1,0.046875,0.04952090000000453,0.0,0.0,0,50,5000,100.0,0.03125,True,True,0.0,90746880
79020004,record_and_replan,0,08f6ff125be8ff4990ee1c594344f81c9685afb3e48b8c4964d374d16cc0e6a2,d335fe32a26effca237ffa9829ccfa26fe0c3cbb6b730434e0fa41df8e188d45,0,0,0,0,0,448,1716,0,2500,,,0,0,1,0.0,1.1000000199601345e-06,0.0,0.0,0,50,5000,100.0,0.03125,True,True,0.0,91357184
79020004,record_and_replan,1000,08f6ff125be8ff4990ee1c594344f81c9685afb3e48b8c4964d374d16cc0e6a2,238677362f1f893c025321a043c5a70ae5640aac2722a94e4399ea9d9d6a3313,1000,9,10,0,100,448,1716,0,3500,,,1000,0,1,0.015625,0.012217800000030365,0.0,0.0,0,50,5000,100.0,0.03125,True,True,0.0,91357184
79020004,record_and_replan,5000,08f6ff125be8ff4990ee1c594344f81c9685afb3e48b8c4964d374d16cc0e6a2,f25b22878a0a33ea867fd7907a925adbdf9020ad504cd8b37894904c612db1b6,5000,49,50,0,100,448,1716,0,7500,,,5000,0,1,0.078125,0.060584200000050714,0.0,0.0,0,50,5000,100.0,0.03125,True,True,0.0,91357184
79020004,record_replan_and_explore,0,08f6ff125be8ff4990ee1c594344f81c9685afb3e48b8c4964d374d16cc0e6a2,d335fe32a26effca237ffa9829ccfa26fe0c3cbb6b730434e0fa41df8e188d45,0,0,0,0,0,448,1716,0,2500,,,0,0,1,0.0,1.1999999856016075e-06,0.0,0.0,0,50,5000,100.0,0.03125,True,True,0.0,91398144
79020004,record_replan_and_explore,1000,08f6ff125be8ff4990ee1c594344f81c9685afb3e48b8c4964d374d16cc0e6a2,f8227a2e53d52c8da4fec8582c0f5e034e8fe8fc7ac8c263892ef3ba0f7be9c7,1000,79,79,76,4,536,2052,1,3500,396,396,396,396,337,2.234375,2.2359171999999603,0.46875,1.75,50,50,400,8.0,0.015625,True,True,0.0,92770304
79020004,record_replan_and_explore,5000,08f6ff125be8ff4990ee1c594344f81c9685afb3e48b8c4964d374d16cc0e6a2,6486bda288e19a3026c3d7fabc7439c57cf40e25e0e8a4b7635aca9e196a2386,5000,579,579,576,4,536,2052,1,7500,396,396,396,396,337,2.28125,2.284499100000005,0.46875,1.75,50,50,400,8.0,0.015625,True,True,0.0,92876800
79020006,frozen,0,634918194d94f38a37bbd1bc6804b227b61305a3805bbab7bb300691e8ab4bb1,193e50f9bd2aadc3d3d3f6717de0bc0d0cc965f408b0921a525c41770f48474e,0,0,0,0,0,313,1272,4,2500,,0,0,0,1,0.0,1.3000000080864993e-06,0.015625,0.0,50,50,1350,27.0,0.015625,True,True,0.0,85856256
79020006,frozen,1000,634918194d94f38a37bbd1bc6804b227b61305a3805bbab7bb300691e8ab4bb1,193e50f9bd2aadc3d3d3f6717de0bc0d0cc965f408b0921a525c41770f48474e,1000,37,37,37,1,313,1272,4,2500,27,0,0,0,1,0.0,0.005328899999994974,0.015625,0.0,50,50,1350,27.0,0.0,True,True,0.0,86593536
79020006,frozen,5000,634918194d94f38a37bbd1bc6804b227b61305a3805bbab7bb300691e8ab4bb1,193e50f9bd2aadc3d3d3f6717de0bc0d0cc965f408b0921a525c41770f48474e,5000,185,185,185,5,313,1272,4,2500,27,0,0,0,1,0.015625,0.028281599999957052,0.015625,0.0,50,50,1350,27.0,0.0,True,True,0.0,89198592
79020006,record_and_replan,0,634918194d94f38a37bbd1bc6804b227b61305a3805bbab7bb300691e8ab4bb1,193e50f9bd2aadc3d3d3f6717de0bc0d0cc965f408b0921a525c41770f48474e,0,0,0,0,0,313,1272,4,2500,,0,0,0,1,0.0,1.0999999631167157e-06,0.0,0.0,50,50,1350,27.0,0.015625,True,True,0.0,89317376
79020006,record_and_replan,1000,634918194d94f38a37bbd1bc6804b227b61305a3805bbab7bb300691e8ab4bb1,618bc8cc3cd86b8665ba5d28ba51daf6f15842d5777c1ddf501d916fb185ae62,1000,37,37,37,1,313,1272,4,3500,27,0,0,0,1,0.015625,0.009710199999972247,0.0,0.0,50,50,1350,27.0,0.015625,True,True,0.0,89325568
79020006,record_and_replan,5000,634918194d94f38a37bbd1bc6804b227b61305a3805bbab7bb300691e8ab4bb1,b7c1319b45352dcbdd45692331447b6e423ce6aae743a95c8a135e608a35720c,5000,185,185,185,5,313,1272,4,7500,27,0,0,0,1,0.046875,0.04858229999996411,0.0,0.0,50,50,1350,27.0,0.0,True,True,0.0,89538560
79020006,record_replan_and_explore,0,634918194d94f38a37bbd1bc6804b227b61305a3805bbab7bb300691e8ab4bb1,193e50f9bd2aadc3d3d3f6717de0bc0d0cc965f408b0921a525c41770f48474e,0,0,0,0,0,313,1272,4,2500,,0,0,0,1,0.0,1.2000000424450263e-06,0.015625,0.0,50,50,1350,27.0,0.0,True,True,0.0,89542656
79020006,record_replan_and_explore,1000,634918194d94f38a37bbd1bc6804b227b61305a3805bbab7bb300691e8ab4bb1,618bc8cc3cd86b8665ba5d28ba51daf6f15842d5777c1ddf501d916fb185ae62,1000,37,37,37,1,313,1272,4,3500,27,0,0,0,1,0.015625,0.009611500000005435,0.015625,0.0,50,50,1350,27.0,0.015625,True,True,0.0,89542656
79020006,record_replan_and_explore,5000,634918194d94f38a37bbd1bc6804b227b61305a3805bbab7bb300691e8ab4bb1,b7c1319b45352dcbdd45692331447b6e423ce6aae743a95c8a135e608a35720c,5000,185,185,185,5,313,1272,4,7500,27,0,0,0,1,0.0625,0.04877160000000913,0.015625,0.0,50,50,1350,27.0,0.015625,True,True,0.0,89542656
79020007,frozen,0,b04ebce07f44983ea3998e2eca7fbcdcf0c13f692f7248be56095b95f2b48022,7a5e1a28c549fe2dfdb60f526b64d172a58c91492dc181abadb1b38c74f51faf,0,0,0,0,0,402,1584,7,2500,,0,0,0,1,0.0,1.8000000636675395e-06,0.0,0.0,50,50,650,13.0,0.0,True,True,0.0,86568960
79020007,frozen,1000,b04ebce07f44983ea3998e2eca7fbcdcf0c13f692f7248be56095b95f2b48022,7a5e1a28c549fe2dfdb60f526b64d172a58c91492dc181abadb1b38c74f51faf,1000,76,76,76,12,402,1584,7,2500,13,0,0,0,1,0.0,0.004317900000046393,0.0,0.0,50,50,650,13.0,0.0,True,True,0.0,86859776
79020007,frozen,5000,b04ebce07f44983ea3998e2eca7fbcdcf0c13f692f7248be56095b95f2b48022,7a5e1a28c549fe2dfdb60f526b64d172a58c91492dc181abadb1b38c74f51faf,5000,384,384,384,8,402,1584,7,2500,13,0,0,0,1,0.015625,0.022368200000073557,0.0,0.0,50,50,650,13.0,0.0,True,True,0.0,89350144
79020007,record_and_replan,0,b04ebce07f44983ea3998e2eca7fbcdcf0c13f692f7248be56095b95f2b48022,7a5e1a28c549fe2dfdb60f526b64d172a58c91492dc181abadb1b38c74f51faf,0,0,0,0,0,402,1584,7,2500,,0,0,0,1,0.0,1.1000000768035534e-06,0.0,0.0,50,50,650,13.0,0.0,True,True,0.0,90140672
79020007,record_and_replan,1000,b04ebce07f44983ea3998e2eca7fbcdcf0c13f692f7248be56095b95f2b48022,053dc650177d73db9688188ddf0b6b5d70042152177036c09a2655f5fe39f68f,1000,76,76,76,12,402,1584,7,3500,13,0,0,0,1,0.015625,0.008484500000122353,0.0,0.0,50,50,650,13.0,0.015625,True,True,0.0,90140672
79020007,record_and_replan,5000,b04ebce07f44983ea3998e2eca7fbcdcf0c13f692f7248be56095b95f2b48022,a66214c6e7a61a7046abcf0e2fd4653dface5a88af061bc05b8b4959bd5259e5,5000,384,384,384,8,402,1584,7,7500,13,0,0,0,1,0.046875,0.04268230000013773,0.0,0.0,50,50,650,13.0,0.0,True,True,0.0,90152960
79020007,record_replan_and_explore,0,b04ebce07f44983ea3998e2eca7fbcdcf0c13f692f7248be56095b95f2b48022,7a5e1a28c549fe2dfdb60f526b64d172a58c91492dc181abadb1b38c74f51faf,0,0,0,0,0,402,1584,7,2500,,0,0,0,1,0.0,8.99999918146932e-07,0.0,0.0,50,50,650,13.0,0.015625,True,True,0.0,90296320
79020007,record_replan_and_explore,1000,b04ebce07f44983ea3998e2eca7fbcdcf0c13f692f7248be56095b95f2b48022,053dc650177d73db9688188ddf0b6b5d70042152177036c09a2655f5fe39f68f,1000,76,76,76,12,402,1584,7,3500,13,0,0,0,1,0.0,0.008161499999914668,0.0,0.0,50,50,650,13.0,0.0,True,True,0.0,90300416
79020007,record_replan_and_explore,5000,b04ebce07f44983ea3998e2eca7fbcdcf0c13f692f7248be56095b95f2b48022,a66214c6e7a61a7046abcf0e2fd4653dface5a88af061bc05b8b4959bd5259e5,5000,384,384,384,8,402,1584,7,7500,13,0,0,0,1,0.03125,0.040282999999931235,0.0,0.0,50,50,650,13.0,0.0,True,True,0.0,90304512
79020005,frozen,0,a841c88bd055f4b5cbbbaf5f56c7b3f95df4ce6a995dc1f7152189b71e998d25,d8ed28502aaf2174b28a773545b7e0d7817dab6e86fe8b0c65ef84d26ec8a76d,0,0,0,0,0,391,1629,5,2500,,0,0,0,1,0.0,1.8000000068241206e-06,0.0,0.0,50,50,550,11.0,0.0,True,True,0.0,86503424
79020005,frozen,1000,a841c88bd055f4b5cbbbaf5f56c7b3f95df4ce6a995dc1f7152189b71e998d25,d8ed28502aaf2174b28a773545b7e0d7817dab6e86fe8b0c65ef84d26ec8a76d,1000,90,90,90,10,391,1629,5,2500,11,0,0,0,1,0.015625,0.006886100000031092,0.0,0.0,50,50,550,11.0,0.015625,True,True,0.0,86695936
79020005,frozen,5000,a841c88bd055f4b5cbbbaf5f56c7b3f95df4ce6a995dc1f7152189b71e998d25,d8ed28502aaf2174b28a773545b7e0d7817dab6e86fe8b0c65ef84d26ec8a76d,5000,454,454,454,6,391,1629,5,2500,11,0,0,0,1,0.03125,0.03587800000002517,0.0,0.0,50,50,550,11.0,0.015625,True,True,0.0,89153536
79020005,record_and_replan,0,a841c88bd055f4b5cbbbaf5f56c7b3f95df4ce6a995dc1f7152189b71e998d25,d8ed28502aaf2174b28a773545b7e0d7817dab6e86fe8b0c65ef84d26ec8a76d,0,0,0,0,0,391,1629,5,2500,,0,0,0,1,0.0,1.1999999856016075e-06,0.0,0.0,50,50,550,11.0,0.0,True,True,0.0,89841664
79020005,record_and_replan,1000,a841c88bd055f4b5cbbbaf5f56c7b3f95df4ce6a995dc1f7152189b71e998d25,9f2fe61bb6d0497d8b66a237fd16611ad22d67612b1e54295af47b2ac6266559,1000,90,90,90,10,391,1629,5,3500,11,0,0,0,1,0.015625,0.012170500000024731,0.0,0.0,50,50,550,11.0,0.015625,True,True,0.0,89841664
79020005,record_and_replan,5000,a841c88bd055f4b5cbbbaf5f56c7b3f95df4ce6a995dc1f7152189b71e998d25,6df9a1af927963647aa338410392cbf827930e28fc1ce207862fa6e3dced29df,5000,454,454,454,6,391,1629,5,7500,11,0,0,0,1,0.0625,0.0609613999999965,0.0,0.0,50,50,550,11.0,0.015625,True,True,0.0,89845760
79020005,record_replan_and_explore,0,a841c88bd055f4b5cbbbaf5f56c7b3f95df4ce6a995dc1f7152189b71e998d25,d8ed28502aaf2174b28a773545b7e0d7817dab6e86fe8b0c65ef84d26ec8a76d,0,0,0,0,0,391,1629,5,2500,,0,0,0,1,0.0,1.1999999856016075e-06,0.0,0.0,50,50,550,11.0,0.0,True,True,0.0,89845760
79020005,record_replan_and_explore,1000,a841c88bd055f4b5cbbbaf5f56c7b3f95df4ce6a995dc1f7152189b71e998d25,9f2fe61bb6d0497d8b66a237fd16611ad22d67612b1e54295af47b2ac6266559,1000,90,90,90,10,391,1629,5,3500,11,0,0,0,1,0.015625,0.012207300000000032,0.0,0.0,50,50,550,11.0,0.0,True,True,0.0,89849856
79020005,record_replan_and_explore,5000,a841c88bd055f4b5cbbbaf5f56c7b3f95df4ce6a995dc1f7152189b71e998d25,6df9a1af927963647aa338410392cbf827930e28fc1ce207862fa6e3dced29df,5000,454,454,454,6,391,1629,5,7500,11,0,0,0,1,0.0625,0.061020500000040556,0.0,0.0,50,50,550,11.0,0.015625,True,True,0.0,89849856
79020003,frozen,0,b8272e27f322a84b1389c692ce9531352ecf2e494412ad5b68a918135de0383d,77bb1cde99f0f75caf8468fac5ff001f819f32c41a1cff5e54d57e8c382229bb,0,0,0,0,0,2,6,0,2500,,,0,0,1,0.0,1.7000000127609383e-06,0.0,0.0,0,50,5000,100.0,0.03125,True,True,0.0,82841600
79020003,frozen,1000,b8272e27f322a84b1389c692ce9531352ecf2e494412ad5b68a918135de0383d,77bb1cde99f0f75caf8468fac5ff001f819f32c41a1cff5e54d57e8c382229bb,1000,9,10,0,100,2,6,0,2500,,,1000,0,1,0.0,0.007250800000008439,0.0,0.0,0,50,5000,100.0,0.03125,True,True,0.0,83816448
79020003,frozen,5000,b8272e27f322a84b1389c692ce9531352ecf2e494412ad5b68a918135de0383d,77bb1cde99f0f75caf8468fac5ff001f819f32c41a1cff5e54d57e8c382229bb,5000,49,50,0,100,2,6,0,2500,,,5000,0,1,0.015625,0.035613500000010845,0.0,0.0,0,50,5000,100.0,0.03125,True,True,0.0,86351872
79020003,record_and_replan,0,b8272e27f322a84b1389c692ce9531352ecf2e494412ad5b68a918135de0383d,77bb1cde99f0f75caf8468fac5ff001f819f32c41a1cff5e54d57e8c382229bb,0,0,0,0,0,2,6,0,2500,,,0,0,1,0.0,1.4000000021496817e-06,0.0,0.0,0,50,5000,100.0,0.03125,True,True,0.0,86417408
79020003,record_and_replan,1000,b8272e27f322a84b1389c692ce9531352ecf2e494412ad5b68a918135de0383d,6259a5e9256264f5582cff6522edb6665bb17de5aaf3ce28e09b1011b51e3070,1000,9,10,0,100,8,16,0,3500,,,1000,0,11,0.0,0.015122000000019398,0.0,0.0,0,50,5000,100.0,0.03125,True,True,0.0,86704128
79020003,record_and_replan,5000,b8272e27f322a84b1389c692ce9531352ecf2e494412ad5b68a918135de0383d,94b142aecd73b9b6f4ecc4b7b8d736b71b7c74ba7eac3b9b430c424b10fe82f4,5000,49,50,0,100,8,16,0,7500,,,5000,0,11,0.046875,0.07731430000001183,0.0,0.0,0,50,5000,100.0,0.03125,True,True,0.0,86765568
79020003,record_replan_and_explore,0,b8272e27f322a84b1389c692ce9531352ecf2e494412ad5b68a918135de0383d,77bb1cde99f0f75caf8468fac5ff001f819f32c41a1cff5e54d57e8c382229bb,0,0,0,0,0,2,6,0,2500,,,0,0,1,0.0,1.4000000021496817e-06,0.0,0.0,0,50,5000,100.0,0.03125,True,True,0.0,86847488
79020003,record_replan_and_explore,1000,b8272e27f322a84b1389c692ce9531352ecf2e494412ad5b68a918135de0383d,ae8639d3bcdbc6073bd23192292762cc780c77b1d0860567a821c09f75c25787,1000,50,50,48,12,53,189,1,3500,283,283,283,283,184,0.3125,0.31457990000001246,0.03125,0.28125,50,50,750,15.0,0.015625,True,True,0.0,87388160
79020003,record_replan_and_explore,5000,b8272e27f322a84b1389c692ce9531352ecf2e494412ad5b68a918135de0383d,3d12be8c745edb5cfaa84d205ea26500f7d12f8ca676791a205af8b73ad8fcf3,5000,317,317,315,7,53,189,1,7500,283,283,283,283,184,0.375,0.3767046000000107,0.03125,0.28125,50,50,750,15.0,0.015625,True,True,0.0,87392256
79020002,frozen,0,4b101bc1b545cd00bd785110a25bf424c21b68e43ced061b3a096e03e7c07c6a,2e1d689e0015ca293f25139bbfef1b606f94248ddd0b92ce46f1ef79938a7165,0,0,0,0,0,409,1736,6,2500,,0,0,0,1,0.0,2.300000005561742e-06,0.015625,0.0,50,50,250,5.0,0.0,True,True,0.0,87113728
79020002,frozen,1000,4b101bc1b545cd00bd785110a25bf424c21b68e43ced061b3a096e03e7c07c6a,2e1d689e0015ca293f25139bbfef1b606f94248ddd0b92ce46f1ef79938a7165,1000,199,200,200,5,409,1736,6,2500,5,0,0,0,1,0.015625,0.008685399999990295,0.015625,0.0,50,50,250,5.0,0.015625,True,True,0.0,87343104
79020002,frozen,5000,4b101bc1b545cd00bd785110a25bf424c21b68e43ced061b3a096e03e7c07c6a,2e1d689e0015ca293f25139bbfef1b606f94248ddd0b92ce46f1ef79938a7165,5000,999,1000,1000,5,409,1736,6,2500,5,0,0,0,1,0.0625,0.04424419999998008,0.015625,0.0,50,50,250,5.0,0.015625,True,True,0.0,89964544
79020002,record_and_replan,0,4b101bc1b545cd00bd785110a25bf424c21b68e43ced061b3a096e03e7c07c6a,2e1d689e0015ca293f25139bbfef1b606f94248ddd0b92ce46f1ef79938a7165,0,0,0,0,0,409,1736,6,2500,,0,0,0,1,0.0,1.6000000186977559e-06,0.0,0.0,50,50,250,5.0,0.015625,True,True,0.0,90566656
79020002,record_and_replan,1000,4b101bc1b545cd00bd785110a25bf424c21b68e43ced061b3a096e03e7c07c6a,0d5161dccc9476cca5776daaf83d582f09714f07bb5feac3d77dabf817ff741c,1000,199,200,200,5,409,1736,6,3500,5,0,0,0,1,0.015625,0.016620999999986452,0.0,0.0,50,50,250,5.0,0.0,True,True,0.0,90566656
79020002,record_and_replan,5000,4b101bc1b545cd00bd785110a25bf424c21b68e43ced061b3a096e03e7c07c6a,4b54137437476ed622ca47959add06d8c208a3c3d6c12e86852d15f6a8d773d8,5000,999,1000,1000,5,409,1736,6,7500,5,0,0,0,1,0.078125,0.08232530000003635,0.0,0.0,50,50,250,5.0,0.0,True,True,0.0,91090944
79020002,record_replan_and_explore,0,4b101bc1b545cd00bd785110a25bf424c21b68e43ced061b3a096e03e7c07c6a,2e1d689e0015ca293f25139bbfef1b606f94248ddd0b92ce46f1ef79938a7165,0,0,0,0,0,409,1736,6,2500,,0,0,0,1,0.0,1.499999996212864e-06,0.015625,0.0,50,50,250,5.0,0.015625,True,True,0.0,91357184
79020002,record_replan_and_explore,1000,4b101bc1b545cd00bd785110a25bf424c21b68e43ced061b3a096e03e7c07c6a,0d5161dccc9476cca5776daaf83d582f09714f07bb5feac3d77dabf817ff741c,1000,199,200,200,5,409,1736,6,3500,5,0,0,0,1,0.015625,0.016641199999980927,0.015625,0.0,50,50,250,5.0,0.015625,True,True,0.0,91369472
79020002,record_replan_and_explore,5000,4b101bc1b545cd00bd785110a25bf424c21b68e43ced061b3a096e03e7c07c6a,4b54137437476ed622ca47959add06d8c208a3c3d6c12e86852d15f6a8d773d8,5000,999,1000,1000,5,409,1736,6,7500,5,0,0,0,1,0.09375,0.08303530000000592,0.015625,0.0,50,50,250,5.0,0.015625,True,True,0.0,91373568
