seed,checkpoint,contrast,success_count_difference,mean_capped_cost_difference,known_states_difference,online_cpu_seconds_difference
79020000,0,record_replan_and_explore minus record_and_replan,0,0.0,0,0.0
79020000,0,record_and_replan minus frozen,0,0.0,0,0.0
79020000,0,record_replan_and_explore minus frozen,0,0.0,0,0.0
79020000,1000,record_replan_and_explore minus record_and_replan,0,0.0,0,0.0
79020000,1000,record_and_replan minus frozen,0,0.0,0,0.015625
79020000,1000,record_replan_and_explore minus frozen,0,0.0,0,0.015625
79020000,5000,record_replan_and_explore minus record_and_replan,0,0.0,0,0.015625
79020000,5000,record_and_replan minus frozen,0,0.0,0,0.015625
79020000,5000,record_replan_and_explore minus frozen,0,0.0,0,0.03125
79020001,0,record_replan_and_explore minus record_and_replan,0,0.0,0,0.0
79020001,0,record_and_replan minus frozen,0,0.0,0,0.0
79020001,0,record_replan_and_explore minus frozen,0,0.0,0,0.0
79020001,1000,record_replan_and_explore minus record_and_replan,0,0.0,0,-0.015625
79020001,1000,record_and_replan minus frozen,0,0.0,0,0.03125
79020001,1000,record_replan_and_explore minus frozen,0,0.0,0,0.015625
79020001,5000,record_replan_and_explore minus record_and_replan,0,0.0,0,-0.015625
79020001,5000,record_and_replan minus frozen,0,0.0,0,0.046875
79020001,5000,record_replan_and_explore minus frozen,0,0.0,0,0.03125
79020002,0,record_replan_and_explore minus record_and_replan,0,0.0,0,0.0
79020002,0,record_and_replan minus frozen,0,0.0,0,0.0
79020002,0,record_replan_and_explore minus frozen,0,0.0,0,0.0
79020002,1000,record_replan_and_explore minus record_and_replan,0,0.0,0,0.0
79020002,1000,record_and_replan minus frozen,0,0.0,0,0.0
79020002,1000,record_replan_and_explore minus frozen,0,0.0,0,0.0
79020002,5000,record_replan_and_explore minus record_and_replan,0,0.0,0,0.015625
79020002,5000,record_and_replan minus frozen,0,0.0,0,0.015625
79020002,5000,record_replan_and_explore minus frozen,0,0.0,0,0.03125
79020003,0,record_replan_and_explore minus record_and_replan,0,0.0,0,0.0
79020003,0,record_and_replan minus frozen,0,0.0,0,0.0
79020003,0,record_replan_and_explore minus frozen,0,0.0,0,0.0
79020003,1000,record_replan_and_explore minus record_and_replan,50,-85.0,45,0.3125
79020003,1000,record_and_replan minus frozen,0,0.0,6,0.0
79020003,1000,record_replan_and_explore minus frozen,50,-85.0,51,0.3125
79020003,5000,record_replan_and_explore minus record_and_replan,50,-85.0,45,0.328125
79020003,5000,record_and_replan minus frozen,0,0.0,6,0.03125
79020003,5000,record_replan_and_explore minus frozen,50,-85.0,51,0.359375
79020004,0,record_replan_and_explore minus record_and_replan,0,0.0,0,0.0
79020004,0,record_and_replan minus frozen,0,0.0,0,0.0
79020004,0,record_replan_and_explore minus frozen,0,0.0,0,0.0
79020004,1000,record_replan_and_explore minus record_and_replan,50,-92.0,88,2.21875
79020004,1000,record_and_replan minus frozen,0,0.0,0,0.0
79020004,1000,record_replan_and_explore minus frozen,50,-92.0,88,2.21875
79020004,5000,record_replan_and_explore minus record_and_replan,50,-92.0,88,2.203125
79020004,5000,record_and_replan minus frozen,0,0.0,0,0.03125
79020004,5000,record_replan_and_explore minus frozen,50,-92.0,88,2.234375
79020005,0,record_replan_and_explore minus record_and_replan,0,0.0,0,0.0
79020005,0,record_and_replan minus frozen,0,0.0,0,0.0
79020005,0,record_replan_and_explore minus frozen,0,0.0,0,0.0
79020005,1000,record_replan_and_explore minus record_and_replan,0,0.0,0,0.0
79020005,1000,record_and_replan minus frozen,0,0.0,0,0.0
79020005,1000,record_replan_and_explore minus frozen,0,0.0,0,0.0
79020005,5000,record_replan_and_explore minus record_and_replan,0,0.0,0,0.0
79020005,5000,record_and_replan minus frozen,0,0.0,0,0.03125
79020005,5000,record_replan_and_explore minus frozen,0,0.0,0,0.03125
79020006,0,record_replan_and_explore minus record_and_replan,0,0.0,0,0.0
79020006,0,record_and_replan minus frozen,0,0.0,0,0.0
79020006,0,record_replan_and_explore minus frozen,0,0.0,0,0.0
79020006,1000,record_replan_and_explore minus record_and_replan,0,0.0,0,0.0
79020006,1000,record_and_replan minus frozen,0,0.0,0,0.015625
79020006,1000,record_replan_and_explore minus frozen,0,0.0,0,0.015625
79020006,5000,record_replan_and_explore minus record_and_replan,0,0.0,0,0.015625
79020006,5000,record_and_replan minus frozen,0,0.0,0,0.03125
79020006,5000,record_replan_and_explore minus frozen,0,0.0,0,0.046875
79020007,0,record_replan_and_explore minus record_and_replan,0,0.0,0,0.0
79020007,0,record_and_replan minus frozen,0,0.0,0,0.0
79020007,0,record_replan_and_explore minus frozen,0,0.0,0,0.0
79020007,1000,record_replan_and_explore minus record_and_replan,0,0.0,0,-0.015625
79020007,1000,record_and_replan minus frozen,0,0.0,0,0.015625
79020007,1000,record_replan_and_explore minus frozen,0,0.0,0,0.0
79020007,5000,record_replan_and_explore minus record_and_replan,0,0.0,0,-0.015625
79020007,5000,record_and_replan minus frozen,0,0.0,0,0.03125
79020007,5000,record_replan_and_explore minus frozen,0,0.0,0,0.015625
