seed,task_id,policy,success_rate,capped_steps
73000000,0,fixed_generic,1.0,36.0
73000000,0,fixed_task,1.0,36.0
73000000,0,doob_generic,1.0,59.3
73000000,0,doob_task,1.0,59.3
73000000,0,deadline_generic,1.0,36.0
73000000,0,deadline_task,1.0,40.0
73000000,1,fixed_generic,1.0,113.0
73000000,1,fixed_task,1.0,113.0
73000000,1,doob_generic,1.0,149.0
73000000,1,doob_task,1.0,152.5
73000000,1,deadline_generic,1.0,112.0
73000000,1,deadline_task,1.0,120.0
73000000,2,fixed_generic,1.0,25.0
73000000,2,fixed_task,1.0,25.0
73000000,2,doob_generic,1.0,34.0
73000000,2,doob_task,1.0,34.0
73000000,2,deadline_generic,1.0,25.0
73000000,2,deadline_task,1.0,25.0
73000000,3,fixed_generic,1.0,11.0
73000000,3,fixed_task,1.0,11.0
73000000,3,doob_generic,1.0,11.0
73000000,3,doob_task,1.0,11.0
73000000,3,deadline_generic,1.0,11.0
73000000,3,deadline_task,1.0,11.0
73000000,4,fixed_generic,1.0,74.0
73000000,4,fixed_task,1.0,74.0
73000000,4,doob_generic,1.0,156.1
73000000,4,doob_task,1.0,155.2
73000000,4,deadline_generic,1.0,76.0
73000000,4,deadline_task,1.0,65.0
73000000,5,fixed_generic,1.0,4.0
73000000,5,fixed_task,1.0,3.0
73000000,5,doob_generic,1.0,57.6
73000000,5,doob_task,1.0,97.8
73000000,5,deadline_generic,1.0,4.0
73000000,5,deadline_task,1.0,3.0
73000000,6,fixed_generic,1.0,24.0
73000000,6,fixed_task,1.0,24.0
73000000,6,doob_generic,1.0,62.5
73000000,6,doob_task,1.0,60.4
73000000,6,deadline_generic,1.0,22.0
73000000,6,deadline_task,1.0,24.0
73000000,7,fixed_generic,1.0,14.0
73000000,7,fixed_task,1.0,14.0
73000000,7,doob_generic,1.0,44.6
73000000,7,doob_task,1.0,41.7
73000000,7,deadline_generic,1.0,14.0
73000000,7,deadline_task,1.0,25.0
73000000,8,fixed_generic,1.0,157.0
73000000,8,fixed_task,1.0,157.0
73000000,8,doob_generic,1.0,169.7
73000000,8,doob_task,1.0,169.7
73000000,8,deadline_generic,1.0,157.0
73000000,8,deadline_task,1.0,157.0
73000000,9,fixed_generic,1.0,121.0
73000000,9,fixed_task,1.0,121.0
73000000,9,doob_generic,1.0,159.2
73000000,9,doob_task,1.0,154.5
73000000,9,deadline_generic,1.0,118.0
73000000,9,deadline_task,1.0,91.0
73000000,10,fixed_generic,1.0,10.0
73000000,10,fixed_task,1.0,10.0
73000000,10,doob_generic,1.0,18.6
73000000,10,doob_task,1.0,18.6
73000000,10,deadline_generic,1.0,10.0
73000000,10,deadline_task,1.0,10.0
73000000,11,fixed_generic,1.0,53.0
73000000,11,fixed_task,1.0,53.0
73000000,11,doob_generic,1.0,137.6
73000000,11,doob_task,1.0,152.4
73000000,11,deadline_generic,1.0,61.0
73000000,11,deadline_task,1.0,101.0
73000001,0,fixed_generic,1.0,18.0
73000001,0,fixed_task,1.0,18.0
73000001,0,doob_generic,1.0,18.0
73000001,0,doob_task,1.0,18.0
73000001,0,deadline_generic,1.0,18.0
73000001,0,deadline_task,1.0,18.0
73000001,1,fixed_generic,1.0,14.0
73000001,1,fixed_task,1.0,14.0
73000001,1,doob_generic,1.0,14.0
73000001,1,doob_task,1.0,14.0
73000001,1,deadline_generic,1.0,14.0
73000001,1,deadline_task,1.0,14.0
73000001,2,fixed_generic,1.0,7.0
73000001,2,fixed_task,1.0,7.0
73000001,2,doob_generic,1.0,7.0
73000001,2,doob_task,1.0,7.0
73000001,2,deadline_generic,1.0,7.0
73000001,2,deadline_task,1.0,7.0
73000001,3,fixed_generic,1.0,20.0
73000001,3,fixed_task,1.0,20.0
73000001,3,doob_generic,1.0,20.0
73000001,3,doob_task,1.0,20.0
73000001,3,deadline_generic,1.0,20.0
73000001,3,deadline_task,1.0,20.0
73000001,4,fixed_generic,1.0,15.0
73000001,4,fixed_task,1.0,15.0
73000001,4,doob_generic,1.0,15.0
73000001,4,doob_task,1.0,15.0
73000001,4,deadline_generic,1.0,15.0
73000001,4,deadline_task,1.0,15.0
73000001,5,fixed_generic,1.0,8.0
73000001,5,fixed_task,1.0,8.0
73000001,5,doob_generic,1.0,8.0
73000001,5,doob_task,1.0,8.0
73000001,5,deadline_generic,1.0,8.0
73000001,5,deadline_task,1.0,8.0
73000001,6,fixed_generic,1.0,22.0
73000001,6,fixed_task,1.0,22.0
73000001,6,doob_generic,1.0,22.0
73000001,6,doob_task,1.0,22.0
73000001,6,deadline_generic,1.0,22.0
73000001,6,deadline_task,1.0,22.0
73000001,7,fixed_generic,1.0,18.0
73000001,7,fixed_task,1.0,18.0
73000001,7,doob_generic,1.0,18.0
73000001,7,doob_task,1.0,18.0
73000001,7,deadline_generic,1.0,18.0
73000001,7,deadline_task,1.0,18.0
73000001,8,fixed_generic,1.0,12.0
73000001,8,fixed_task,1.0,12.0
73000001,8,doob_generic,1.0,12.0
73000001,8,doob_task,1.0,12.0
73000001,8,deadline_generic,1.0,12.0
73000001,8,deadline_task,1.0,12.0
73000001,9,fixed_generic,1.0,8.0
73000001,9,fixed_task,1.0,8.0
73000001,9,doob_generic,1.0,8.0
73000001,9,doob_task,1.0,8.0
73000001,9,deadline_generic,1.0,8.0
73000001,9,deadline_task,1.0,8.0
73000001,10,fixed_generic,1.0,8.0
73000001,10,fixed_task,1.0,8.0
73000001,10,doob_generic,1.0,8.0
73000001,10,doob_task,1.0,8.0
73000001,10,deadline_generic,1.0,8.0
73000001,10,deadline_task,1.0,8.0
73000001,11,fixed_generic,1.0,9.0
73000001,11,fixed_task,1.0,9.0
73000001,11,doob_generic,1.0,9.0
73000001,11,doob_task,1.0,9.0
73000001,11,deadline_generic,1.0,9.0
73000001,11,deadline_task,1.0,9.0
73000002,0,fixed_generic,1.0,14.0
73000002,0,fixed_task,1.0,14.0
73000002,0,doob_generic,1.0,14.0
73000002,0,doob_task,1.0,14.0
73000002,0,deadline_generic,1.0,14.0
73000002,0,deadline_task,1.0,14.0
73000002,1,fixed_generic,1.0,11.0
73000002,1,fixed_task,1.0,11.0
73000002,1,doob_generic,1.0,11.0
73000002,1,doob_task,1.0,11.0
73000002,1,deadline_generic,1.0,11.0
73000002,1,deadline_task,1.0,11.0
73000002,2,fixed_generic,1.0,6.0
73000002,2,fixed_task,1.0,6.0
73000002,2,doob_generic,1.0,6.0
73000002,2,doob_task,1.0,6.0
73000002,2,deadline_generic,1.0,6.0
73000002,2,deadline_task,1.0,6.0
73000002,3,fixed_generic,1.0,12.0
73000002,3,fixed_task,1.0,12.0
73000002,3,doob_generic,1.0,12.0
73000002,3,doob_task,1.0,12.0
73000002,3,deadline_generic,1.0,12.0
73000002,3,deadline_task,1.0,12.0
73000002,4,fixed_generic,1.0,11.0
73000002,4,fixed_task,1.0,11.0
73000002,4,doob_generic,1.0,11.0
73000002,4,doob_task,1.0,11.0
73000002,4,deadline_generic,1.0,11.0
73000002,4,deadline_task,1.0,11.0
73000002,5,fixed_generic,1.0,8.0
73000002,5,fixed_task,1.0,8.0
73000002,5,doob_generic,1.0,8.0
73000002,5,doob_task,1.0,8.0
73000002,5,deadline_generic,1.0,8.0
73000002,5,deadline_task,1.0,8.0
73000002,6,fixed_generic,1.0,12.0
73000002,6,fixed_task,1.0,12.0
73000002,6,doob_generic,1.0,12.0
73000002,6,doob_task,1.0,12.0
73000002,6,deadline_generic,1.0,12.0
73000002,6,deadline_task,1.0,12.0
73000002,7,fixed_generic,1.0,5.0
73000002,7,fixed_task,1.0,5.0
73000002,7,doob_generic,1.0,5.0
73000002,7,doob_task,1.0,5.0
73000002,7,deadline_generic,1.0,5.0
73000002,7,deadline_task,1.0,5.0
73000002,8,fixed_generic,1.0,7.0
73000002,8,fixed_task,1.0,7.0
73000002,8,doob_generic,1.0,7.0
73000002,8,doob_task,1.0,7.0
73000002,8,deadline_generic,1.0,7.0
73000002,8,deadline_task,1.0,7.0
73000002,9,fixed_generic,1.0,12.0
73000002,9,fixed_task,1.0,12.0
73000002,9,doob_generic,1.0,12.0
73000002,9,doob_task,1.0,12.0
73000002,9,deadline_generic,1.0,12.0
73000002,9,deadline_task,1.0,12.0
73000002,10,fixed_generic,1.0,11.0
73000002,10,fixed_task,1.0,11.0
73000002,10,doob_generic,1.0,11.0
73000002,10,doob_task,1.0,11.0
73000002,10,deadline_generic,1.0,11.0
73000002,10,deadline_task,1.0,11.0
73000002,11,fixed_generic,1.0,11.0
73000002,11,fixed_task,1.0,11.0
73000002,11,doob_generic,1.0,11.0
73000002,11,doob_task,1.0,11.0
73000002,11,deadline_generic,1.0,11.0
73000002,11,deadline_task,1.0,11.0
73000003,0,fixed_generic,1.0,29.0
73000003,0,fixed_task,1.0,29.0
73000003,0,doob_generic,1.0,29.0
73000003,0,doob_task,1.0,29.0
73000003,0,deadline_generic,1.0,29.0
73000003,0,deadline_task,1.0,29.0
73000003,1,fixed_generic,1.0,14.0
73000003,1,fixed_task,1.0,14.0
73000003,1,doob_generic,1.0,14.0
73000003,1,doob_task,1.0,14.0
73000003,1,deadline_generic,1.0,14.0
73000003,1,deadline_task,1.0,14.0
73000003,2,fixed_generic,1.0,13.0
73000003,2,fixed_task,1.0,13.0
73000003,2,doob_generic,1.0,13.0
73000003,2,doob_task,1.0,13.0
73000003,2,deadline_generic,1.0,13.0
73000003,2,deadline_task,1.0,13.0
73000003,3,fixed_generic,1.0,14.0
73000003,3,fixed_task,1.0,14.0
73000003,3,doob_generic,1.0,14.0
73000003,3,doob_task,1.0,14.0
73000003,3,deadline_generic,1.0,14.0
73000003,3,deadline_task,1.0,14.0
73000003,4,fixed_generic,1.0,11.0
73000003,4,fixed_task,1.0,11.0
73000003,4,doob_generic,1.0,11.0
73000003,4,doob_task,1.0,11.0
73000003,4,deadline_generic,1.0,11.0
73000003,4,deadline_task,1.0,11.0
73000003,5,fixed_generic,1.0,6.0
73000003,5,fixed_task,1.0,6.0
73000003,5,doob_generic,1.0,6.0
73000003,5,doob_task,1.0,6.0
73000003,5,deadline_generic,1.0,6.0
73000003,5,deadline_task,1.0,6.0
73000003,6,fixed_generic,1.0,15.0
73000003,6,fixed_task,1.0,15.0
73000003,6,doob_generic,1.0,15.0
73000003,6,doob_task,1.0,15.0
73000003,6,deadline_generic,1.0,15.0
73000003,6,deadline_task,1.0,15.0
73000003,7,fixed_generic,1.0,11.0
73000003,7,fixed_task,1.0,11.0
73000003,7,doob_generic,1.0,11.0
73000003,7,doob_task,1.0,11.0
73000003,7,deadline_generic,1.0,11.0
73000003,7,deadline_task,1.0,11.0
73000003,8,fixed_generic,1.0,8.0
73000003,8,fixed_task,1.0,8.0
73000003,8,doob_generic,1.0,8.0
73000003,8,doob_task,1.0,8.0
73000003,8,deadline_generic,1.0,8.0
73000003,8,deadline_task,1.0,8.0
73000003,9,fixed_generic,1.0,8.0
73000003,9,fixed_task,1.0,8.0
73000003,9,doob_generic,1.0,8.0
73000003,9,doob_task,1.0,8.0
73000003,9,deadline_generic,1.0,8.0
73000003,9,deadline_task,1.0,8.0
73000003,10,fixed_generic,1.0,9.0
73000003,10,fixed_task,1.0,9.0
73000003,10,doob_generic,1.0,9.0
73000003,10,doob_task,1.0,9.0
73000003,10,deadline_generic,1.0,9.0
73000003,10,deadline_task,1.0,9.0
73000003,11,fixed_generic,1.0,9.0
73000003,11,fixed_task,1.0,9.0
73000003,11,doob_generic,1.0,9.0
73000003,11,doob_task,1.0,9.0
73000003,11,deadline_generic,1.0,9.0
73000003,11,deadline_task,1.0,9.0
73000004,0,fixed_generic,1.0,105.0
73000004,0,fixed_task,1.0,105.0
73000004,0,doob_generic,1.0,361.6
73000004,0,doob_task,1.0,361.6
73000004,0,deadline_generic,1.0,170.0
73000004,0,deadline_task,1.0,170.0
73000004,1,fixed_generic,1.0,102.0
73000004,1,fixed_task,1.0,102.0
73000004,1,doob_generic,1.0,360.7
73000004,1,doob_task,1.0,360.7
73000004,1,deadline_generic,1.0,159.0
73000004,1,deadline_task,1.0,159.0
73000004,2,fixed_generic,1.0,39.0
73000004,2,fixed_task,1.0,39.0
73000004,2,doob_generic,1.0,95.2
73000004,2,doob_task,1.0,95.2
73000004,2,deadline_generic,1.0,61.0
73000004,2,deadline_task,1.0,61.0
73000004,3,fixed_generic,1.0,18.0
73000004,3,fixed_task,1.0,18.0
73000004,3,doob_generic,1.0,18.0
73000004,3,doob_task,1.0,18.0
73000004,3,deadline_generic,1.0,18.0
73000004,3,deadline_task,1.0,18.0
73000004,4,fixed_generic,1.0,15.0
73000004,4,fixed_task,1.0,15.0
73000004,4,doob_generic,1.0,15.0
73000004,4,doob_task,1.0,15.0
73000004,4,deadline_generic,1.0,15.0
73000004,4,deadline_task,1.0,15.0
73000004,5,fixed_generic,1.0,10.0
73000004,5,fixed_task,1.0,10.0
73000004,5,doob_generic,1.0,10.0
73000004,5,doob_task,1.0,10.0
73000004,5,deadline_generic,1.0,10.0
73000004,5,deadline_task,1.0,10.0
73000004,6,fixed_generic,1.0,25.0
73000004,6,fixed_task,1.0,25.0
73000004,6,doob_generic,1.0,25.0
73000004,6,doob_task,1.0,25.0
73000004,6,deadline_generic,1.0,25.0
73000004,6,deadline_task,1.0,25.0
73000004,7,fixed_generic,1.0,18.0
73000004,7,fixed_task,1.0,18.0
73000004,7,doob_generic,1.0,18.0
73000004,7,doob_task,1.0,18.0
73000004,7,deadline_generic,1.0,18.0
73000004,7,deadline_task,1.0,18.0
73000004,8,fixed_generic,1.0,11.0
73000004,8,fixed_task,1.0,11.0
73000004,8,doob_generic,1.0,11.0
73000004,8,doob_task,1.0,11.0
73000004,8,deadline_generic,1.0,11.0
73000004,8,deadline_task,1.0,11.0
73000004,9,fixed_generic,1.0,15.0
73000004,9,fixed_task,1.0,15.0
73000004,9,doob_generic,1.0,15.0
73000004,9,doob_task,1.0,15.0
73000004,9,deadline_generic,1.0,15.0
73000004,9,deadline_task,1.0,15.0
73000004,10,fixed_generic,1.0,11.0
73000004,10,fixed_task,1.0,11.0
73000004,10,doob_generic,1.0,11.0
73000004,10,doob_task,1.0,11.0
73000004,10,deadline_generic,1.0,11.0
73000004,10,deadline_task,1.0,11.0
73000004,11,fixed_generic,1.0,9.0
73000004,11,fixed_task,1.0,9.0
73000004,11,doob_generic,1.0,9.0
73000004,11,doob_task,1.0,9.0
73000004,11,deadline_generic,1.0,9.0
73000004,11,deadline_task,1.0,9.0
73000005,0,fixed_generic,1.0,19.0
73000005,0,fixed_task,1.0,19.0
73000005,0,doob_generic,1.0,19.0
73000005,0,doob_task,1.0,19.0
73000005,0,deadline_generic,1.0,19.0
73000005,0,deadline_task,1.0,19.0
73000005,1,fixed_generic,1.0,20.0
73000005,1,fixed_task,1.0,20.0
73000005,1,doob_generic,1.0,20.0
73000005,1,doob_task,1.0,20.0
73000005,1,deadline_generic,1.0,20.0
73000005,1,deadline_task,1.0,20.0
73000005,2,fixed_generic,1.0,10.0
73000005,2,fixed_task,1.0,10.0
73000005,2,doob_generic,1.0,10.0
73000005,2,doob_task,1.0,10.0
73000005,2,deadline_generic,1.0,10.0
73000005,2,deadline_task,1.0,10.0
73000005,3,fixed_generic,1.0,16.0
73000005,3,fixed_task,1.0,16.0
73000005,3,doob_generic,1.0,16.0
73000005,3,doob_task,1.0,16.0
73000005,3,deadline_generic,1.0,16.0
73000005,3,deadline_task,1.0,16.0
73000005,4,fixed_generic,1.0,10.0
73000005,4,fixed_task,1.0,10.0
73000005,4,doob_generic,1.0,10.0
73000005,4,doob_task,1.0,10.0
73000005,4,deadline_generic,1.0,10.0
73000005,4,deadline_task,1.0,10.0
73000005,5,fixed_generic,1.0,6.0
73000005,5,fixed_task,1.0,6.0
73000005,5,doob_generic,1.0,6.0
73000005,5,doob_task,1.0,6.0
73000005,5,deadline_generic,1.0,6.0
73000005,5,deadline_task,1.0,6.0
73000005,6,fixed_generic,1.0,18.0
73000005,6,fixed_task,1.0,18.0
73000005,6,doob_generic,1.0,18.0
73000005,6,doob_task,1.0,18.0
73000005,6,deadline_generic,1.0,18.0
73000005,6,deadline_task,1.0,18.0
73000005,7,fixed_generic,1.0,16.0
73000005,7,fixed_task,1.0,16.0
73000005,7,doob_generic,1.0,16.0
73000005,7,doob_task,1.0,16.0
73000005,7,deadline_generic,1.0,16.0
73000005,7,deadline_task,1.0,16.0
73000005,8,fixed_generic,1.0,6.0
73000005,8,fixed_task,1.0,6.0
73000005,8,doob_generic,1.0,6.0
73000005,8,doob_task,1.0,6.0
73000005,8,deadline_generic,1.0,6.0
73000005,8,deadline_task,1.0,6.0
73000005,9,fixed_generic,1.0,7.0
73000005,9,fixed_task,1.0,7.0
73000005,9,doob_generic,1.0,7.0
73000005,9,doob_task,1.0,7.0
73000005,9,deadline_generic,1.0,7.0
73000005,9,deadline_task,1.0,7.0
73000005,10,fixed_generic,1.0,10.0
73000005,10,fixed_task,1.0,10.0
73000005,10,doob_generic,1.0,10.0
73000005,10,doob_task,1.0,10.0
73000005,10,deadline_generic,1.0,10.0
73000005,10,deadline_task,1.0,10.0
73000005,11,fixed_generic,1.0,7.0
73000005,11,fixed_task,1.0,7.0
73000005,11,doob_generic,1.0,7.0
73000005,11,doob_task,1.0,7.0
73000005,11,deadline_generic,1.0,7.0
73000005,11,deadline_task,1.0,7.0
73000006,0,fixed_generic,1.0,32.0
73000006,0,fixed_task,1.0,32.0
73000006,0,doob_generic,1.0,32.0
73000006,0,doob_task,1.0,32.0
73000006,0,deadline_generic,1.0,32.0
73000006,0,deadline_task,1.0,32.0
73000006,1,fixed_generic,1.0,34.0
73000006,1,fixed_task,1.0,34.0
73000006,1,doob_generic,1.0,34.0
73000006,1,doob_task,1.0,34.0
73000006,1,deadline_generic,1.0,34.0
73000006,1,deadline_task,1.0,34.0
73000006,2,fixed_generic,1.0,16.0
73000006,2,fixed_task,1.0,16.0
73000006,2,doob_generic,1.0,16.0
73000006,2,doob_task,1.0,16.0
73000006,2,deadline_generic,1.0,16.0
73000006,2,deadline_task,1.0,16.0
73000006,3,fixed_generic,1.0,34.0
73000006,3,fixed_task,1.0,34.0
73000006,3,doob_generic,1.0,34.0
73000006,3,doob_task,1.0,34.0
73000006,3,deadline_generic,1.0,34.0
73000006,3,deadline_task,1.0,34.0
73000006,4,fixed_generic,1.0,30.0
73000006,4,fixed_task,1.0,30.0
73000006,4,doob_generic,1.0,30.0
73000006,4,doob_task,1.0,30.0
73000006,4,deadline_generic,1.0,30.0
73000006,4,deadline_task,1.0,30.0
73000006,5,fixed_generic,1.0,19.0
73000006,5,fixed_task,1.0,19.0
73000006,5,doob_generic,1.0,19.0
73000006,5,doob_task,1.0,19.0
73000006,5,deadline_generic,1.0,19.0
73000006,5,deadline_task,1.0,19.0
73000006,6,fixed_generic,1.0,81.0
73000006,6,fixed_task,1.0,81.0
73000006,6,doob_generic,1.0,451.5
73000006,6,doob_task,1.0,451.5
73000006,6,deadline_generic,1.0,81.0
73000006,6,deadline_task,1.0,81.0
73000006,7,fixed_generic,1.0,77.0
73000006,7,fixed_task,1.0,77.0
73000006,7,doob_generic,1.0,412.8
73000006,7,doob_task,1.0,464.9
73000006,7,deadline_generic,1.0,77.0
73000006,7,deadline_task,1.0,52.0
73000006,8,fixed_generic,1.0,16.0
73000006,8,fixed_task,1.0,16.0
73000006,8,doob_generic,1.0,16.0
73000006,8,doob_task,1.0,16.0
73000006,8,deadline_generic,1.0,16.0
73000006,8,deadline_task,1.0,16.0
73000006,9,fixed_generic,1.0,17.0
73000006,9,fixed_task,1.0,17.0
73000006,9,doob_generic,1.0,17.0
73000006,9,doob_task,1.0,17.0
73000006,9,deadline_generic,1.0,17.0
73000006,9,deadline_task,1.0,17.0
73000006,10,fixed_generic,1.0,15.0
73000006,10,fixed_task,1.0,15.0
73000006,10,doob_generic,1.0,15.0
73000006,10,doob_task,1.0,15.0
73000006,10,deadline_generic,1.0,15.0
73000006,10,deadline_task,1.0,15.0
73000006,11,fixed_generic,1.0,15.0
73000006,11,fixed_task,1.0,15.0
73000006,11,doob_generic,1.0,20.4
73000006,11,doob_task,1.0,20.4
73000006,11,deadline_generic,1.0,15.0
73000006,11,deadline_task,1.0,15.0
73000007,0,fixed_generic,1.0,16.0
73000007,0,fixed_task,1.0,16.0
73000007,0,doob_generic,1.0,16.0
73000007,0,doob_task,1.0,16.0
73000007,0,deadline_generic,1.0,16.0
73000007,0,deadline_task,1.0,16.0
73000007,1,fixed_generic,1.0,20.0
73000007,1,fixed_task,1.0,20.0
73000007,1,doob_generic,1.0,20.0
73000007,1,doob_task,1.0,20.0
73000007,1,deadline_generic,1.0,20.0
73000007,1,deadline_task,1.0,20.0
73000007,2,fixed_generic,1.0,10.0
73000007,2,fixed_task,1.0,10.0
73000007,2,doob_generic,1.0,10.0
73000007,2,doob_task,1.0,10.0
73000007,2,deadline_generic,1.0,10.0
73000007,2,deadline_task,1.0,10.0
73000007,3,fixed_generic,1.0,16.0
73000007,3,fixed_task,1.0,16.0
73000007,3,doob_generic,1.0,16.0
73000007,3,doob_task,1.0,16.0
73000007,3,deadline_generic,1.0,16.0
73000007,3,deadline_task,1.0,16.0
73000007,4,fixed_generic,1.0,14.0
73000007,4,fixed_task,1.0,14.0
73000007,4,doob_generic,1.0,14.0
73000007,4,doob_task,1.0,14.0
73000007,4,deadline_generic,1.0,14.0
73000007,4,deadline_task,1.0,14.0
73000007,5,fixed_generic,1.0,46.0
73000007,5,fixed_task,1.0,52.0
73000007,5,doob_generic,1.0,124.8
73000007,5,doob_task,1.0,158.8
73000007,5,deadline_generic,1.0,52.0
73000007,5,deadline_task,1.0,79.0
73000007,6,fixed_generic,1.0,39.0
73000007,6,fixed_task,1.0,39.0
73000007,6,doob_generic,1.0,83.2
73000007,6,doob_task,1.0,87.5
73000007,6,deadline_generic,1.0,144.0
73000007,6,deadline_task,1.0,145.0
73000007,7,fixed_generic,1.0,12.0
73000007,7,fixed_task,1.0,12.0
73000007,7,doob_generic,1.0,12.0
73000007,7,doob_task,1.0,12.0
73000007,7,deadline_generic,1.0,12.0
73000007,7,deadline_task,1.0,12.0
73000007,8,fixed_generic,1.0,9.0
73000007,8,fixed_task,1.0,9.0
73000007,8,doob_generic,1.0,9.0
73000007,8,doob_task,1.0,9.0
73000007,8,deadline_generic,1.0,9.0
73000007,8,deadline_task,1.0,9.0
73000007,9,fixed_generic,1.0,10.0
73000007,9,fixed_task,1.0,10.0
73000007,9,doob_generic,1.0,10.0
73000007,9,doob_task,1.0,10.0
73000007,9,deadline_generic,1.0,10.0
73000007,9,deadline_task,1.0,10.0
73000007,10,fixed_generic,1.0,8.0
73000007,10,fixed_task,1.0,8.0
73000007,10,doob_generic,1.0,8.0
73000007,10,doob_task,1.0,8.0
73000007,10,deadline_generic,1.0,8.0
73000007,10,deadline_task,1.0,8.0
73000007,11,fixed_generic,1.0,10.0
73000007,11,fixed_task,1.0,10.0
73000007,11,doob_generic,1.0,10.0
73000007,11,doob_task,1.0,10.0
73000007,11,deadline_generic,1.0,10.0
73000007,11,deadline_task,1.0,10.0
