seed,arm,mode,initial_successes,series_final_successes,series_final_cost,series_final_gap,common_c_successes,common_c_cost,common_random_successes,common_c_gap,accepted_edits,final_game_changed,final_goal_changed,final_start_changed,accepted_goal_changes,proposed_goal_changes,initial_training_actions,additional_actions,series_total_environment_actions,series_cpu_seconds,evaluation_cpu_seconds,common_total_environment_actions,common_cpu_seconds
79020000,frozen,random,50,50,11.0,1.0,50,11.0,0,1.0,1,True,False,False,0,3,52500,105000,282691,527.4375,513.0625,13069,22.375
79020000,frozen,targeted,50,50,11.0,1.0,50,11.0,0,1.0,3,True,False,False,0,0,52500,105000,278530,481.5625,468.140625,13050,18.171875
79020000,record_and_replan,random,50,50,11.0,1.0,50,11.0,0,1.0,1,True,False,False,0,3,52500,105000,282691,519.640625,505.890625,13069,22.796875
79020000,record_and_replan,targeted,50,50,11.0,1.0,50,11.0,0,1.0,3,True,False,False,0,0,52500,105000,278530,501.8125,488.0,13050,18.1875
79020000,record_replan_and_explore,random,50,50,26.0,0.96,50,26.0,2,0.96,2,True,True,False,1,3,52500,105000,280430,525.578125,512.0625,13766,23.84375
79020000,record_replan_and_explore,targeted,50,50,11.0,1.0,50,11.0,0,1.0,3,True,False,False,0,0,52500,105000,278530,489.90625,476.421875,13050,18.265625
79020001,frozen,random,50,50,8.0,0.86,50,8.0,7,0.86,1,True,False,True,0,1,52500,105000,261742,399.625,389.78125,12676,23.25
79020001,frozen,targeted,50,50,7.0,0.88,50,7.0,6,0.88,5,True,False,False,0,0,52500,105000,263376,409.640625,399.78125,12593,23.6875
79020001,record_and_replan,random,50,50,8.0,0.86,50,8.0,7,0.86,1,True,False,True,0,1,52500,105000,261742,409.0,398.875,12676,24.625
79020001,record_and_replan,targeted,50,50,7.0,0.88,50,7.0,6,0.88,5,True,False,False,0,0,52500,105000,263376,417.203125,407.09375,12593,23.71875
79020001,record_replan_and_explore,random,50,50,8.0,0.86,50,8.0,7,0.86,1,True,False,True,0,1,52500,105000,261742,395.859375,386.15625,12676,23.265625
79020001,record_replan_and_explore,targeted,50,50,7.0,0.88,50,7.0,6,0.88,5,True,False,False,0,0,52500,105000,263376,418.421875,408.375,12593,23.578125
79020002,frozen,random,50,50,21.0,0.96,50,21.0,2,0.96,4,True,True,True,1,2,52500,105000,277050,433.734375,420.0625,13446,17.28125
79020002,frozen,targeted,50,50,18.0,0.66,50,18.0,17,0.66,2,True,False,False,0,5,52500,105000,270400,449.78125,437.015625,12480,28.296875
79020002,record_and_replan,random,50,50,21.0,0.96,50,21.0,2,0.96,4,True,True,True,1,2,52500,105000,277050,426.390625,413.078125,13446,17.359375
79020002,record_and_replan,targeted,50,50,18.0,0.66,50,18.0,17,0.66,2,True,False,False,0,5,52500,105000,270400,471.8125,457.671875,12480,28.34375
79020002,record_replan_and_explore,random,50,50,11.0,0.96,50,11.0,2,0.96,4,True,True,True,1,2,52500,105000,270977,480.046875,466.96875,12956,26.328125
79020002,record_replan_and_explore,targeted,50,50,15.0,0.98,50,15.0,1,0.98,3,True,True,False,1,1,52500,105000,277005,853.546875,839.25,13227,63.046875
79020003,frozen,random,0,50,8.0,0.8,50,8.0,10,0.8,1,True,False,True,0,1,52500,105000,306825,62.1875,51.578125,12488,3.109375
79020003,frozen,targeted,0,50,32.0,0.88,50,32.0,6,0.88,5,True,True,False,1,1,52500,105000,312294,279.34375,268.203125,13941,23.125
79020003,record_and_replan,random,0,50,8.0,0.8,50,8.0,10,0.8,1,True,False,True,0,1,52500,105000,306825,64.859375,54.0625,12488,3.203125
79020003,record_and_replan,targeted,0,50,32.0,0.88,50,32.0,6,0.88,5,True,True,False,1,1,52500,105000,312294,285.453125,274.28125,13941,22.390625
79020003,record_replan_and_explore,random,50,50,26.0,1.0,50,26.0,0,1.0,3,True,True,False,1,1,52500,105000,290709,236.84375,225.71875,13812,18.984375
79020003,record_replan_and_explore,targeted,50,50,17.0,1.0,50,17.0,0,1.0,1,True,False,False,0,0,52500,105000,274510,127.078125,117.625,13364,4.3125
79020004,frozen,random,0,50,6.0,0.82,50,6.0,9,0.82,3,True,True,False,1,2,52500,105000,268891,464.453125,451.5,12492,15.34375
79020004,frozen,targeted,0,0,100.0,-0.1,50,8.0,5,0.9,0,False,False,False,0,0,52500,105000,362529,463.015625,445.390625,12630,29.59375
79020004,record_and_replan,random,0,50,6.0,0.82,50,6.0,9,0.82,3,True,True,False,1,2,52500,105000,268891,463.15625,450.375,12492,16.015625
79020004,record_and_replan,targeted,0,0,100.0,-0.1,50,8.0,5,0.9,0,False,False,False,0,0,52500,105000,362529,466.453125,448.71875,12630,29.546875
79020004,record_replan_and_explore,random,50,50,15.0,1.0,50,15.0,0,1.0,4,True,False,True,0,3,52500,105000,272448,594.921875,581.625,13251,41.890625
79020004,record_replan_and_explore,targeted,50,50,8.0,0.88,50,8.0,6,0.88,4,True,False,False,0,0,52500,105000,267877,680.78125,667.1875,12747,34.46875
79020005,frozen,random,50,50,11.0,0.96,50,11.0,2,0.96,0,False,False,False,0,3,52500,105000,278525,490.453125,477.390625,13016,23.375
79020005,frozen,targeted,50,50,11.0,0.96,50,11.0,2,0.96,0,False,False,False,0,0,52500,105000,260016,586.859375,575.0,13016,23.21875
79020005,record_and_replan,random,50,50,11.0,0.96,50,11.0,2,0.96,0,False,False,False,0,3,52500,105000,278525,499.890625,486.875,13016,23.03125
79020005,record_and_replan,targeted,50,50,11.0,0.96,50,11.0,2,0.96,0,False,False,False,0,0,52500,105000,260016,599.859375,587.734375,13016,23.1875
79020005,record_replan_and_explore,random,50,50,15.0,0.98,50,15.0,1,0.98,1,True,True,False,1,3,52500,105000,278767,529.734375,516.75,13258,29.015625
79020005,record_replan_and_explore,targeted,50,50,11.0,0.96,50,11.0,2,0.96,0,False,False,False,0,0,52500,105000,260016,590.859375,578.859375,13016,22.953125
79020006,frozen,random,50,50,25.0,0.8,50,25.0,10,0.8,2,True,False,False,0,5,52500,105000,284455,318.1875,308.8125,13435,23.03125
79020006,frozen,targeted,50,50,24.0,0.78,50,24.0,11,0.78,5,True,False,False,0,0,52500,105000,287877,314.203125,304.65625,13103,23.109375
79020006,record_and_replan,random,50,50,25.0,0.8,50,25.0,10,0.8,2,True,False,False,0,5,52500,105000,284455,313.09375,303.875,13435,22.390625
79020006,record_and_replan,targeted,50,50,24.0,0.78,50,24.0,11,0.78,5,True,False,False,0,0,52500,105000,287877,309.703125,300.609375,13103,23.484375
79020006,record_replan_and_explore,random,50,50,28.0,0.98,50,28.0,1,0.98,4,True,True,False,1,5,52500,105000,276068,361.453125,352.09375,13901,28.28125
79020006,record_replan_and_explore,targeted,50,50,31.0,0.88,50,31.0,6,0.88,5,True,False,False,0,0,52500,105000,284786,571.96875,561.8125,13924,37.109375
79020007,frozen,random,50,50,32.0,0.94,50,32.0,3,0.94,2,True,True,False,1,1,52500,105000,291873,563.1875,548.859375,13972,21.375
79020007,frozen,targeted,50,50,13.0,0.92,50,13.0,4,0.92,3,True,False,False,0,0,52500,105000,273636,530.359375,517.078125,13065,23.15625
79020007,record_and_replan,random,50,50,32.0,0.94,50,32.0,3,0.94,2,True,True,False,1,1,52500,105000,291873,553.28125,539.421875,13972,22.875
79020007,record_and_replan,targeted,50,50,13.0,0.92,50,13.0,4,0.92,3,True,False,False,0,0,52500,105000,273636,544.75,531.484375,13065,23.25
79020007,record_replan_and_explore,random,50,50,14.0,0.94,50,14.0,3,0.94,4,True,True,True,1,1,52500,105000,278251,672.046875,658.703125,13093,58.921875
79020007,record_replan_and_explore,targeted,50,50,13.0,0.92,50,13.0,4,0.92,3,True,False,False,0,0,52500,105000,273636,523.703125,510.796875,13065,23.28125
