seed,arm,mode,iteration,accepted,game_changed,goal_changed,start_changed,previous_successes,candidate_successes,success_change_on_changed_game
79020004,frozen,targeted,1,False,True,False,False,0,0,False
79020004,frozen,targeted,2,False,True,False,False,0,0,False
79020004,frozen,targeted,3,False,True,False,False,0,0,False
79020004,frozen,targeted,4,False,True,False,False,0,0,False
79020004,frozen,targeted,5,False,True,False,False,0,0,False
79020004,frozen,targeted,6,False,True,False,False,0,0,False
79020004,frozen,targeted,7,False,True,False,False,0,0,False
79020004,frozen,targeted,8,False,True,False,False,0,0,False
79020004,frozen,targeted,9,False,True,False,False,0,0,False
79020004,frozen,targeted,10,False,True,False,False,0,0,False
79020004,frozen,targeted,11,False,True,False,False,0,0,False
79020004,frozen,targeted,12,False,True,False,False,0,0,False
79020004,frozen,targeted,13,False,True,False,False,0,0,False
79020004,frozen,targeted,14,False,True,False,False,0,0,False
79020004,frozen,targeted,15,False,True,False,False,0,0,False
79020004,frozen,targeted,16,False,True,False,False,0,0,False
79020004,frozen,targeted,17,False,True,False,False,0,0,False
79020004,frozen,targeted,18,False,True,False,False,0,0,False
79020004,frozen,targeted,19,False,True,False,False,0,0,False
79020004,frozen,targeted,20,False,True,False,False,0,0,False
79020004,frozen,random,1,False,True,False,False,0,0,False
79020004,frozen,random,2,True,True,True,False,0,50,True
79020004,frozen,random,3,False,True,False,False,50,50,False
79020004,frozen,random,4,True,True,False,False,50,50,False
79020004,frozen,random,5,False,True,False,True,50,50,False
79020004,frozen,random,6,False,True,False,False,50,50,False
79020004,frozen,random,7,False,True,False,False,50,50,False
79020004,frozen,random,8,False,True,True,False,50,50,False
79020004,frozen,random,9,False,True,False,False,50,50,False
79020004,frozen,random,10,False,True,False,True,50,50,False
79020004,frozen,random,11,False,True,False,False,50,50,False
79020004,frozen,random,12,False,True,False,False,50,50,False
79020004,frozen,random,13,False,True,False,False,50,50,False
79020004,frozen,random,14,True,True,False,False,50,50,False
79020004,frozen,random,15,False,True,False,False,50,50,False
79020004,frozen,random,16,False,True,False,False,50,50,False
79020004,frozen,random,17,False,True,False,False,50,50,False
79020004,frozen,random,18,False,True,False,False,50,50,False
79020004,frozen,random,19,False,True,False,False,50,50,False
79020004,frozen,random,20,False,True,False,True,50,50,False
79020004,record_and_replan,targeted,1,False,True,False,False,0,0,False
79020004,record_and_replan,targeted,2,False,True,False,False,0,0,False
79020004,record_and_replan,targeted,3,False,True,False,False,0,0,False
79020004,record_and_replan,targeted,4,False,True,False,False,0,0,False
79020004,record_and_replan,targeted,5,False,True,False,False,0,0,False
79020004,record_and_replan,targeted,6,False,True,False,False,0,0,False
79020004,record_and_replan,targeted,7,False,True,False,False,0,0,False
79020004,record_and_replan,targeted,8,False,True,False,False,0,0,False
79020004,record_and_replan,targeted,9,False,True,False,False,0,0,False
79020004,record_and_replan,targeted,10,False,True,False,False,0,0,False
79020004,record_and_replan,targeted,11,False,True,False,False,0,0,False
79020004,record_and_replan,targeted,12,False,True,False,False,0,0,False
79020004,record_and_replan,targeted,13,False,True,False,False,0,0,False
79020004,record_and_replan,targeted,14,False,True,False,False,0,0,False
79020004,record_and_replan,targeted,15,False,True,False,False,0,0,False
79020004,record_and_replan,targeted,16,False,True,False,False,0,0,False
79020004,record_and_replan,targeted,17,False,True,False,False,0,0,False
79020004,record_and_replan,targeted,18,False,True,False,False,0,0,False
79020004,record_and_replan,targeted,19,False,True,False,False,0,0,False
79020004,record_and_replan,targeted,20,False,True,False,False,0,0,False
79020004,record_and_replan,random,1,False,True,False,False,0,0,False
79020004,record_and_replan,random,2,True,True,True,False,0,50,True
79020004,record_and_replan,random,3,False,True,False,False,50,50,False
79020004,record_and_replan,random,4,True,True,False,False,50,50,False
79020004,record_and_replan,random,5,False,True,False,True,50,50,False
79020004,record_and_replan,random,6,False,True,False,False,50,50,False
79020004,record_and_replan,random,7,False,True,False,False,50,50,False
79020004,record_and_replan,random,8,False,True,True,False,50,50,False
79020004,record_and_replan,random,9,False,True,False,False,50,50,False
79020004,record_and_replan,random,10,False,True,False,True,50,50,False
79020004,record_and_replan,random,11,False,True,False,False,50,50,False
79020004,record_and_replan,random,12,False,True,False,False,50,50,False
79020004,record_and_replan,random,13,False,True,False,False,50,50,False
79020004,record_and_replan,random,14,True,True,False,False,50,50,False
79020004,record_and_replan,random,15,False,True,False,False,50,50,False
79020004,record_and_replan,random,16,False,True,False,False,50,50,False
79020004,record_and_replan,random,17,False,True,False,False,50,50,False
79020004,record_and_replan,random,18,False,True,False,False,50,50,False
79020004,record_and_replan,random,19,False,True,False,False,50,50,False
79020004,record_and_replan,random,20,False,True,False,True,50,50,False
79020004,record_replan_and_explore,targeted,1,False,True,False,False,50,50,False
79020004,record_replan_and_explore,targeted,2,False,True,False,False,50,50,False
79020004,record_replan_and_explore,targeted,3,False,True,False,False,50,50,False
79020004,record_replan_and_explore,targeted,4,False,True,False,False,50,50,False
79020004,record_replan_and_explore,targeted,5,True,True,False,False,50,50,False
79020004,record_replan_and_explore,targeted,6,False,True,False,False,50,50,False
79020004,record_replan_and_explore,targeted,7,True,True,False,False,50,50,False
79020004,record_replan_and_explore,targeted,8,False,True,False,False,50,50,False
79020004,record_replan_and_explore,targeted,9,False,True,False,False,50,50,False
79020004,record_replan_and_explore,targeted,10,False,True,False,False,50,50,False
79020004,record_replan_and_explore,targeted,11,False,True,False,False,50,50,False
79020004,record_replan_and_explore,targeted,12,False,True,False,False,50,50,False
79020004,record_replan_and_explore,targeted,13,True,True,False,False,50,50,False
79020004,record_replan_and_explore,targeted,14,False,True,False,False,50,50,False
79020004,record_replan_and_explore,targeted,15,False,True,False,False,50,50,False
79020004,record_replan_and_explore,targeted,16,False,True,False,False,50,50,False
79020004,record_replan_and_explore,targeted,17,False,True,False,False,50,50,False
79020004,record_replan_and_explore,targeted,18,False,True,False,False,50,50,False
79020004,record_replan_and_explore,targeted,19,True,True,False,False,50,50,False
79020004,record_replan_and_explore,targeted,20,False,True,False,False,50,50,False
79020004,record_replan_and_explore,random,1,False,True,False,False,50,50,False
79020004,record_replan_and_explore,random,2,False,True,True,False,50,50,False
79020004,record_replan_and_explore,random,3,False,True,False,False,50,50,False
79020004,record_replan_and_explore,random,4,True,True,False,False,50,50,False
79020004,record_replan_and_explore,random,5,False,True,False,True,50,50,False
79020004,record_replan_and_explore,random,6,True,True,False,False,50,50,False
79020004,record_replan_and_explore,random,7,False,True,False,False,50,50,False
79020004,record_replan_and_explore,random,8,False,True,False,False,50,50,False
79020004,record_replan_and_explore,random,9,False,True,True,False,50,50,False
79020004,record_replan_and_explore,random,10,False,True,False,False,50,50,False
79020004,record_replan_and_explore,random,11,True,True,False,True,50,50,False
79020004,record_replan_and_explore,random,12,False,True,True,False,50,50,False
79020004,record_replan_and_explore,random,13,False,True,False,False,50,50,False
79020004,record_replan_and_explore,random,14,False,True,False,False,50,50,False
79020004,record_replan_and_explore,random,15,True,True,False,False,50,50,False
79020004,record_replan_and_explore,random,16,False,True,False,False,50,50,False
79020004,record_replan_and_explore,random,17,False,True,False,False,50,50,False
79020004,record_replan_and_explore,random,18,False,True,False,False,50,50,False
79020004,record_replan_and_explore,random,19,False,True,False,False,50,50,False
79020004,record_replan_and_explore,random,20,False,True,False,False,50,50,False
79020005,frozen,targeted,1,False,True,False,False,50,50,False
79020005,frozen,targeted,2,False,True,False,False,50,50,False
79020005,frozen,targeted,3,False,True,False,False,50,50,False
79020005,frozen,targeted,4,False,True,False,False,50,50,False
79020005,frozen,targeted,5,False,True,False,False,50,50,False
79020005,frozen,targeted,6,False,True,False,False,50,50,False
79020005,frozen,targeted,7,False,True,False,False,50,50,False
79020005,frozen,targeted,8,False,True,False,False,50,50,False
79020005,frozen,targeted,9,False,True,False,False,50,50,False
79020005,frozen,targeted,10,False,True,False,False,50,50,False
79020005,frozen,targeted,11,False,True,False,False,50,50,False
79020005,frozen,targeted,12,False,True,False,False,50,50,False
79020005,frozen,targeted,13,False,True,False,False,50,50,False
79020005,frozen,targeted,14,False,True,False,False,50,50,False
79020005,frozen,targeted,15,False,True,False,False,50,50,False
79020005,frozen,targeted,16,False,True,False,False,50,50,False
79020005,frozen,targeted,17,False,True,False,False,50,50,False
79020005,frozen,targeted,18,False,True,False,False,50,50,False
79020005,frozen,targeted,19,False,True,False,False,50,50,False
79020005,frozen,targeted,20,False,True,False,False,50,50,False
79020005,frozen,random,1,False,True,False,False,50,50,False
79020005,frozen,random,2,False,True,False,False,50,50,False
79020005,frozen,random,3,False,True,False,False,50,50,False
79020005,frozen,random,4,False,True,False,False,50,50,False
79020005,frozen,random,5,False,True,False,False,50,50,False
79020005,frozen,random,6,False,True,False,False,50,50,False
79020005,frozen,random,7,False,True,False,True,50,50,False
79020005,frozen,random,8,False,True,False,True,50,50,False
79020005,frozen,random,9,False,True,False,False,50,50,False
79020005,frozen,random,10,False,True,True,False,50,50,False
79020005,frozen,random,11,False,True,False,True,50,50,False
79020005,frozen,random,12,False,True,True,False,50,50,False
79020005,frozen,random,13,False,True,False,False,50,50,False
79020005,frozen,random,14,False,True,False,False,50,50,False
79020005,frozen,random,15,False,True,False,False,50,50,False
79020005,frozen,random,16,False,True,False,False,50,50,False
79020005,frozen,random,17,False,True,False,False,50,50,False
79020005,frozen,random,18,False,True,False,True,50,50,False
79020005,frozen,random,19,False,True,True,False,50,0,True
79020005,frozen,random,20,False,True,False,False,50,50,False
79020005,record_and_replan,targeted,1,False,True,False,False,50,50,False
79020005,record_and_replan,targeted,2,False,True,False,False,50,50,False
79020005,record_and_replan,targeted,3,False,True,False,False,50,50,False
79020005,record_and_replan,targeted,4,False,True,False,False,50,50,False
79020005,record_and_replan,targeted,5,False,True,False,False,50,50,False
79020005,record_and_replan,targeted,6,False,True,False,False,50,50,False
79020005,record_and_replan,targeted,7,False,True,False,False,50,50,False
79020005,record_and_replan,targeted,8,False,True,False,False,50,50,False
79020005,record_and_replan,targeted,9,False,True,False,False,50,50,False
79020005,record_and_replan,targeted,10,False,True,False,False,50,50,False
79020005,record_and_replan,targeted,11,False,True,False,False,50,50,False
79020005,record_and_replan,targeted,12,False,True,False,False,50,50,False
79020005,record_and_replan,targeted,13,False,True,False,False,50,50,False
79020005,record_and_replan,targeted,14,False,True,False,False,50,50,False
79020005,record_and_replan,targeted,15,False,True,False,False,50,50,False
79020005,record_and_replan,targeted,16,False,True,False,False,50,50,False
79020005,record_and_replan,targeted,17,False,True,False,False,50,50,False
79020005,record_and_replan,targeted,18,False,True,False,False,50,50,False
79020005,record_and_replan,targeted,19,False,True,False,False,50,50,False
79020005,record_and_replan,targeted,20,False,True,False,False,50,50,False
79020005,record_and_replan,random,1,False,True,False,False,50,50,False
79020005,record_and_replan,random,2,False,True,False,False,50,50,False
79020005,record_and_replan,random,3,False,True,False,False,50,50,False
79020005,record_and_replan,random,4,False,True,False,False,50,50,False
79020005,record_and_replan,random,5,False,True,False,False,50,50,False
79020005,record_and_replan,random,6,False,True,False,False,50,50,False
79020005,record_and_replan,random,7,False,True,False,True,50,50,False
79020005,record_and_replan,random,8,False,True,False,True,50,50,False
79020005,record_and_replan,random,9,False,True,False,False,50,50,False
79020005,record_and_replan,random,10,False,True,True,False,50,50,False
79020005,record_and_replan,random,11,False,True,False,True,50,50,False
79020005,record_and_replan,random,12,False,True,True,False,50,50,False
79020005,record_and_replan,random,13,False,True,False,False,50,50,False
79020005,record_and_replan,random,14,False,True,False,False,50,50,False
79020005,record_and_replan,random,15,False,True,False,False,50,50,False
79020005,record_and_replan,random,16,False,True,False,False,50,50,False
79020005,record_and_replan,random,17,False,True,False,False,50,50,False
79020005,record_and_replan,random,18,False,True,False,True,50,50,False
79020005,record_and_replan,random,19,False,True,True,False,50,0,True
79020005,record_and_replan,random,20,False,True,False,False,50,50,False
79020005,record_replan_and_explore,targeted,1,False,True,False,False,50,50,False
79020005,record_replan_and_explore,targeted,2,False,True,False,False,50,50,False
79020005,record_replan_and_explore,targeted,3,False,True,False,False,50,50,False
79020005,record_replan_and_explore,targeted,4,False,True,False,False,50,50,False
79020005,record_replan_and_explore,targeted,5,False,True,False,False,50,50,False
79020005,record_replan_and_explore,targeted,6,False,True,False,False,50,50,False
79020005,record_replan_and_explore,targeted,7,False,True,False,False,50,50,False
79020005,record_replan_and_explore,targeted,8,False,True,False,False,50,50,False
79020005,record_replan_and_explore,targeted,9,False,True,False,False,50,50,False
79020005,record_replan_and_explore,targeted,10,False,True,False,False,50,50,False
79020005,record_replan_and_explore,targeted,11,False,True,False,False,50,50,False
79020005,record_replan_and_explore,targeted,12,False,True,False,False,50,50,False
79020005,record_replan_and_explore,targeted,13,False,True,False,False,50,50,False
79020005,record_replan_and_explore,targeted,14,False,True,False,False,50,50,False
79020005,record_replan_and_explore,targeted,15,False,True,False,False,50,50,False
79020005,record_replan_and_explore,targeted,16,False,True,False,False,50,50,False
79020005,record_replan_and_explore,targeted,17,False,True,False,False,50,50,False
79020005,record_replan_and_explore,targeted,18,False,True,False,False,50,50,False
79020005,record_replan_and_explore,targeted,19,False,True,False,False,50,50,False
79020005,record_replan_and_explore,targeted,20,False,True,False,False,50,50,False
79020005,record_replan_and_explore,random,1,False,True,False,False,50,50,False
79020005,record_replan_and_explore,random,2,False,True,False,False,50,50,False
79020005,record_replan_and_explore,random,3,False,True,False,False,50,50,False
79020005,record_replan_and_explore,random,4,False,True,False,False,50,50,False
79020005,record_replan_and_explore,random,5,False,True,False,False,50,50,False
79020005,record_replan_and_explore,random,6,False,True,False,False,50,50,False
79020005,record_replan_and_explore,random,7,False,True,False,True,50,50,False
79020005,record_replan_and_explore,random,8,False,True,False,True,50,50,False
79020005,record_replan_and_explore,random,9,False,True,False,False,50,50,False
79020005,record_replan_and_explore,random,10,False,True,True,False,50,50,False
79020005,record_replan_and_explore,random,11,False,True,False,True,50,50,False
79020005,record_replan_and_explore,random,12,False,True,True,False,50,50,False
79020005,record_replan_and_explore,random,13,False,True,False,False,50,50,False
79020005,record_replan_and_explore,random,14,False,True,False,False,50,50,False
79020005,record_replan_and_explore,random,15,False,True,False,False,50,50,False
79020005,record_replan_and_explore,random,16,False,True,False,False,50,50,False
79020005,record_replan_and_explore,random,17,False,True,False,False,50,50,False
79020005,record_replan_and_explore,random,18,False,True,False,True,50,50,False
79020005,record_replan_and_explore,random,19,True,True,True,False,50,50,False
79020005,record_replan_and_explore,random,20,False,True,False,False,50,0,True
79020003,frozen,targeted,1,False,True,False,False,0,0,False
79020003,frozen,targeted,2,False,True,False,False,0,0,False
79020003,frozen,targeted,3,False,True,False,False,0,0,False
79020003,frozen,targeted,4,False,True,False,False,0,0,False
79020003,frozen,targeted,5,False,True,False,False,0,0,False
79020003,frozen,targeted,6,False,True,False,False,0,0,False
79020003,frozen,targeted,7,False,True,False,False,0,0,False
79020003,frozen,targeted,8,False,True,False,False,0,0,False
79020003,frozen,targeted,9,True,True,False,False,0,50,True
79020003,frozen,targeted,10,False,True,False,False,50,50,False
79020003,frozen,targeted,11,True,True,False,False,50,50,False
79020003,frozen,targeted,12,True,True,False,False,50,50,False
79020003,frozen,targeted,13,False,True,False,False,50,50,False
79020003,frozen,targeted,14,False,True,False,False,50,50,False
79020003,frozen,targeted,15,True,True,True,False,50,50,False
79020003,frozen,targeted,16,False,True,False,False,50,50,False
79020003,frozen,targeted,17,False,True,False,False,50,50,False
79020003,frozen,targeted,18,True,True,False,False,50,50,False
79020003,frozen,targeted,19,False,True,False,False,50,50,False
79020003,frozen,targeted,20,False,True,False,False,50,50,False
79020003,frozen,random,1,False,True,False,False,0,0,False
79020003,frozen,random,2,False,True,False,False,0,0,False
79020003,frozen,random,3,False,True,False,False,0,0,False
79020003,frozen,random,4,False,True,True,False,0,0,False
79020003,frozen,random,5,False,True,False,False,0,0,False
79020003,frozen,random,6,False,True,False,False,0,0,False
79020003,frozen,random,7,True,True,False,True,0,50,True
79020003,frozen,random,8,False,True,False,True,50,0,True
79020003,frozen,random,9,False,True,False,False,50,50,False
79020003,frozen,random,10,False,True,False,False,50,50,False
79020003,frozen,random,11,False,True,False,False,50,50,False
79020003,frozen,random,12,False,True,False,False,50,50,False
79020003,frozen,random,13,False,True,False,False,50,50,False
79020003,frozen,random,14,False,True,False,False,50,50,False
79020003,frozen,random,15,False,True,False,False,50,50,False
79020003,frozen,random,16,False,True,False,False,50,50,False
79020003,frozen,random,17,False,True,False,False,50,50,False
79020003,frozen,random,18,False,True,False,False,50,50,False
79020003,frozen,random,19,False,True,False,False,50,50,False
79020003,frozen,random,20,False,True,False,True,50,0,True
79020003,record_and_replan,targeted,1,False,True,False,False,0,0,False
79020003,record_and_replan,targeted,2,False,True,False,False,0,0,False
79020003,record_and_replan,targeted,3,False,True,False,False,0,0,False
79020003,record_and_replan,targeted,4,False,True,False,False,0,0,False
79020003,record_and_replan,targeted,5,False,True,False,False,0,0,False
79020003,record_and_replan,targeted,6,False,True,False,False,0,0,False
79020003,record_and_replan,targeted,7,False,True,False,False,0,0,False
79020003,record_and_replan,targeted,8,False,True,False,False,0,0,False
79020003,record_and_replan,targeted,9,True,True,False,False,0,50,True
79020003,record_and_replan,targeted,10,False,True,False,False,50,50,False
79020003,record_and_replan,targeted,11,True,True,False,False,50,50,False
79020003,record_and_replan,targeted,12,True,True,False,False,50,50,False
79020003,record_and_replan,targeted,13,False,True,False,False,50,50,False
79020003,record_and_replan,targeted,14,False,True,False,False,50,50,False
79020003,record_and_replan,targeted,15,True,True,True,False,50,50,False
79020003,record_and_replan,targeted,16,False,True,False,False,50,50,False
79020003,record_and_replan,targeted,17,False,True,False,False,50,50,False
79020003,record_and_replan,targeted,18,True,True,False,False,50,50,False
79020003,record_and_replan,targeted,19,False,True,False,False,50,50,False
79020003,record_and_replan,targeted,20,False,True,False,False,50,50,False
79020003,record_and_replan,random,1,False,True,False,False,0,0,False
79020003,record_and_replan,random,2,False,True,False,False,0,0,False
79020003,record_and_replan,random,3,False,True,False,False,0,0,False
79020003,record_and_replan,random,4,False,True,True,False,0,0,False
79020003,record_and_replan,random,5,False,True,False,False,0,0,False
79020003,record_and_replan,random,6,False,True,False,False,0,0,False
79020003,record_and_replan,random,7,True,True,False,True,0,50,True
79020003,record_and_replan,random,8,False,True,False,True,50,0,True
79020003,record_and_replan,random,9,False,True,False,False,50,50,False
79020003,record_and_replan,random,10,False,True,False,False,50,50,False
79020003,record_and_replan,random,11,False,True,False,False,50,50,False
79020003,record_and_replan,random,12,False,True,False,False,50,50,False
79020003,record_and_replan,random,13,False,True,False,False,50,50,False
79020003,record_and_replan,random,14,False,True,False,False,50,50,False
79020003,record_and_replan,random,15,False,True,False,False,50,50,False
79020003,record_and_replan,random,16,False,True,False,False,50,50,False
79020003,record_and_replan,random,17,False,True,False,False,50,50,False
79020003,record_and_replan,random,18,False,True,False,False,50,50,False
79020003,record_and_replan,random,19,False,True,False,False,50,50,False
79020003,record_and_replan,random,20,False,True,False,True,50,0,True
79020003,record_replan_and_explore,targeted,1,False,True,False,False,50,50,False
79020003,record_replan_and_explore,targeted,2,False,True,False,False,50,50,False
79020003,record_replan_and_explore,targeted,3,False,True,False,False,50,50,False
79020003,record_replan_and_explore,targeted,4,False,True,False,False,50,50,False
79020003,record_replan_and_explore,targeted,5,False,True,False,False,50,50,False
79020003,record_replan_and_explore,targeted,6,False,True,False,False,50,50,False
79020003,record_replan_and_explore,targeted,7,False,True,False,False,50,50,False
79020003,record_replan_and_explore,targeted,8,False,True,False,False,50,50,False
79020003,record_replan_and_explore,targeted,9,False,True,False,False,50,50,False
79020003,record_replan_and_explore,targeted,10,False,True,False,False,50,50,False
79020003,record_replan_and_explore,targeted,11,True,True,False,False,50,50,False
79020003,record_replan_and_explore,targeted,12,False,True,False,False,50,50,False
79020003,record_replan_and_explore,targeted,13,False,True,False,False,50,50,False
79020003,record_replan_and_explore,targeted,14,False,True,False,False,50,50,False
79020003,record_replan_and_explore,targeted,15,False,True,False,False,50,50,False
79020003,record_replan_and_explore,targeted,16,False,True,False,False,50,50,False
79020003,record_replan_and_explore,targeted,17,False,True,False,False,50,50,False
79020003,record_replan_and_explore,targeted,18,False,True,False,False,50,50,False
79020003,record_replan_and_explore,targeted,19,False,True,False,False,50,50,False
79020003,record_replan_and_explore,targeted,20,False,True,False,False,50,50,False
79020003,record_replan_and_explore,random,1,False,True,False,False,50,50,False
79020003,record_replan_and_explore,random,2,True,True,False,False,50,50,False
79020003,record_replan_and_explore,random,3,False,True,False,False,50,50,False
79020003,record_replan_and_explore,random,4,True,True,True,False,50,50,False
79020003,record_replan_and_explore,random,5,False,True,False,False,50,50,False
79020003,record_replan_and_explore,random,6,False,True,False,False,50,50,False
79020003,record_replan_and_explore,random,7,False,True,False,True,50,50,False
79020003,record_replan_and_explore,random,8,False,True,False,True,50,50,False
79020003,record_replan_and_explore,random,9,True,True,False,False,50,50,False
79020003,record_replan_and_explore,random,10,False,True,False,False,50,50,False
79020003,record_replan_and_explore,random,11,False,True,False,False,50,50,False
79020003,record_replan_and_explore,random,12,False,True,False,False,50,50,False
79020003,record_replan_and_explore,random,13,False,True,False,False,50,50,False
79020003,record_replan_and_explore,random,14,False,True,False,False,50,50,False
79020003,record_replan_and_explore,random,15,False,True,False,False,50,50,False
79020003,record_replan_and_explore,random,16,False,True,False,False,50,0,True
79020003,record_replan_and_explore,random,17,False,True,False,False,50,50,False
79020003,record_replan_and_explore,random,18,False,True,False,True,50,50,False
79020003,record_replan_and_explore,random,19,False,True,False,False,50,50,False
79020003,record_replan_and_explore,random,20,False,True,False,True,50,50,False
79020001,frozen,targeted,1,False,True,False,False,50,50,False
79020001,frozen,targeted,2,True,True,False,False,50,50,False
79020001,frozen,targeted,3,False,True,False,False,50,50,False
79020001,frozen,targeted,4,False,True,False,False,50,50,False
79020001,frozen,targeted,5,False,True,False,False,50,50,False
79020001,frozen,targeted,6,True,True,False,False,50,50,False
79020001,frozen,targeted,7,False,True,False,False,50,50,False
79020001,frozen,targeted,8,False,True,False,False,50,50,False
79020001,frozen,targeted,9,False,True,False,False,50,50,False
79020001,frozen,targeted,10,False,True,False,False,50,50,False
79020001,frozen,targeted,11,True,True,False,False,50,50,False
79020001,frozen,targeted,12,False,True,False,False,50,50,False
79020001,frozen,targeted,13,False,True,False,False,50,50,False
79020001,frozen,targeted,14,True,True,False,False,50,50,False
79020001,frozen,targeted,15,False,True,False,False,50,50,False
79020001,frozen,targeted,16,False,True,False,False,50,50,False
79020001,frozen,targeted,17,False,True,False,False,50,50,False
79020001,frozen,targeted,18,False,True,False,False,50,50,False
79020001,frozen,targeted,19,False,True,False,False,50,50,False
79020001,frozen,targeted,20,True,True,False,False,50,50,False
79020001,frozen,random,1,False,True,False,False,50,50,False
79020001,frozen,random,2,True,True,False,True,50,50,False
79020001,frozen,random,3,False,True,False,False,50,50,False
79020001,frozen,random,4,False,True,False,False,50,50,False
79020001,frozen,random,5,False,True,False,False,50,50,False
79020001,frozen,random,6,False,True,False,False,50,50,False
79020001,frozen,random,7,False,True,False,False,50,50,False
79020001,frozen,random,8,False,True,False,False,50,50,False
79020001,frozen,random,9,False,True,False,False,50,50,False
79020001,frozen,random,10,False,True,False,False,50,50,False
79020001,frozen,random,11,False,True,False,False,50,50,False
79020001,frozen,random,12,False,True,False,False,50,50,False
79020001,frozen,random,13,False,True,False,False,50,50,False
79020001,frozen,random,14,False,True,False,False,50,50,False
79020001,frozen,random,15,False,True,False,True,50,50,False
79020001,frozen,random,16,False,True,True,False,50,50,False
79020001,frozen,random,17,False,True,False,True,50,50,False
79020001,frozen,random,18,False,True,False,False,50,50,False
79020001,frozen,random,19,False,True,False,False,50,50,False
79020001,frozen,random,20,False,True,False,True,50,50,False
79020001,record_and_replan,targeted,1,False,True,False,False,50,50,False
79020001,record_and_replan,targeted,2,True,True,False,False,50,50,False
79020001,record_and_replan,targeted,3,False,True,False,False,50,50,False
79020001,record_and_replan,targeted,4,False,True,False,False,50,50,False
79020001,record_and_replan,targeted,5,False,True,False,False,50,50,False
79020001,record_and_replan,targeted,6,True,True,False,False,50,50,False
79020001,record_and_replan,targeted,7,False,True,False,False,50,50,False
79020001,record_and_replan,targeted,8,False,True,False,False,50,50,False
79020001,record_and_replan,targeted,9,False,True,False,False,50,50,False
79020001,record_and_replan,targeted,10,False,True,False,False,50,50,False
79020001,record_and_replan,targeted,11,True,True,False,False,50,50,False
79020001,record_and_replan,targeted,12,False,True,False,False,50,50,False
79020001,record_and_replan,targeted,13,False,True,False,False,50,50,False
79020001,record_and_replan,targeted,14,True,True,False,False,50,50,False
79020001,record_and_replan,targeted,15,False,True,False,False,50,50,False
79020001,record_and_replan,targeted,16,False,True,False,False,50,50,False
79020001,record_and_replan,targeted,17,False,True,False,False,50,50,False
79020001,record_and_replan,targeted,18,False,True,False,False,50,50,False
79020001,record_and_replan,targeted,19,False,True,False,False,50,50,False
79020001,record_and_replan,targeted,20,True,True,False,False,50,50,False
79020001,record_and_replan,random,1,False,True,False,False,50,50,False
79020001,record_and_replan,random,2,True,True,False,True,50,50,False
79020001,record_and_replan,random,3,False,True,False,False,50,50,False
79020001,record_and_replan,random,4,False,True,False,False,50,50,False
79020001,record_and_replan,random,5,False,True,False,False,50,50,False
79020001,record_and_replan,random,6,False,True,False,False,50,50,False
79020001,record_and_replan,random,7,False,True,False,False,50,50,False
79020001,record_and_replan,random,8,False,True,False,False,50,50,False
79020001,record_and_replan,random,9,False,True,False,False,50,50,False
79020001,record_and_replan,random,10,False,True,False,False,50,50,False
79020001,record_and_replan,random,11,False,True,False,False,50,50,False
79020001,record_and_replan,random,12,False,True,False,False,50,50,False
79020001,record_and_replan,random,13,False,True,False,False,50,50,False
79020001,record_and_replan,random,14,False,True,False,False,50,50,False
79020001,record_and_replan,random,15,False,True,False,True,50,50,False
79020001,record_and_replan,random,16,False,True,True,False,50,50,False
79020001,record_and_replan,random,17,False,True,False,True,50,50,False
79020001,record_and_replan,random,18,False,True,False,False,50,50,False
79020001,record_and_replan,random,19,False,True,False,False,50,50,False
79020001,record_and_replan,random,20,False,True,False,True,50,50,False
79020001,record_replan_and_explore,targeted,1,False,True,False,False,50,50,False
79020001,record_replan_and_explore,targeted,2,True,True,False,False,50,50,False
79020001,record_replan_and_explore,targeted,3,False,True,False,False,50,50,False
79020001,record_replan_and_explore,targeted,4,False,True,False,False,50,50,False
79020001,record_replan_and_explore,targeted,5,False,True,False,False,50,50,False
79020001,record_replan_and_explore,targeted,6,True,True,False,False,50,50,False
79020001,record_replan_and_explore,targeted,7,False,True,False,False,50,50,False
79020001,record_replan_and_explore,targeted,8,False,True,False,False,50,50,False
79020001,record_replan_and_explore,targeted,9,False,True,False,False,50,50,False
79020001,record_replan_and_explore,targeted,10,False,True,False,False,50,50,False
79020001,record_replan_and_explore,targeted,11,True,True,False,False,50,50,False
79020001,record_replan_and_explore,targeted,12,False,True,False,False,50,50,False
79020001,record_replan_and_explore,targeted,13,False,True,False,False,50,50,False
79020001,record_replan_and_explore,targeted,14,True,True,False,False,50,50,False
79020001,record_replan_and_explore,targeted,15,False,True,False,False,50,50,False
79020001,record_replan_and_explore,targeted,16,False,True,False,False,50,50,False
79020001,record_replan_and_explore,targeted,17,False,True,False,False,50,50,False
79020001,record_replan_and_explore,targeted,18,False,True,False,False,50,50,False
79020001,record_replan_and_explore,targeted,19,False,True,False,False,50,50,False
79020001,record_replan_and_explore,targeted,20,True,True,False,False,50,50,False
79020001,record_replan_and_explore,random,1,False,True,False,False,50,50,False
79020001,record_replan_and_explore,random,2,True,True,False,True,50,50,False
79020001,record_replan_and_explore,random,3,False,True,False,False,50,50,False
79020001,record_replan_and_explore,random,4,False,True,False,False,50,50,False
79020001,record_replan_and_explore,random,5,False,True,False,False,50,50,False
79020001,record_replan_and_explore,random,6,False,True,False,False,50,50,False
79020001,record_replan_and_explore,random,7,False,True,False,False,50,50,False
79020001,record_replan_and_explore,random,8,False,True,False,False,50,50,False
79020001,record_replan_and_explore,random,9,False,True,False,False,50,50,False
79020001,record_replan_and_explore,random,10,False,True,False,False,50,50,False
79020001,record_replan_and_explore,random,11,False,True,False,False,50,50,False
79020001,record_replan_and_explore,random,12,False,True,False,False,50,50,False
79020001,record_replan_and_explore,random,13,False,True,False,False,50,50,False
79020001,record_replan_and_explore,random,14,False,True,False,False,50,50,False
79020001,record_replan_and_explore,random,15,False,True,False,True,50,50,False
79020001,record_replan_and_explore,random,16,False,True,True,False,50,50,False
79020001,record_replan_and_explore,random,17,False,True,False,True,50,50,False
79020001,record_replan_and_explore,random,18,False,True,False,False,50,50,False
79020001,record_replan_and_explore,random,19,False,True,False,False,50,50,False
79020001,record_replan_and_explore,random,20,False,True,False,True,50,50,False
79020006,frozen,targeted,1,False,True,False,False,50,50,False
79020006,frozen,targeted,2,False,True,False,False,50,0,True
79020006,frozen,targeted,3,False,True,False,False,50,50,False
79020006,frozen,targeted,4,True,True,False,False,50,50,False
79020006,frozen,targeted,5,False,True,False,False,50,50,False
79020006,frozen,targeted,6,False,True,False,False,50,50,False
79020006,frozen,targeted,7,False,True,False,False,50,0,True
79020006,frozen,targeted,8,True,True,False,False,50,50,False
79020006,frozen,targeted,9,True,True,False,False,50,50,False
79020006,frozen,targeted,10,False,True,False,False,50,50,False
79020006,frozen,targeted,11,True,True,False,False,50,50,False
79020006,frozen,targeted,12,False,True,False,False,50,50,False
79020006,frozen,targeted,13,True,True,False,False,50,50,False
79020006,frozen,targeted,14,False,True,False,False,50,50,False
79020006,frozen,targeted,15,False,True,False,False,50,50,False
79020006,frozen,targeted,16,False,True,False,False,50,0,True
79020006,frozen,targeted,17,False,True,False,False,50,50,False
79020006,frozen,targeted,18,False,True,False,False,50,50,False
79020006,frozen,targeted,19,False,True,False,False,50,50,False
79020006,frozen,targeted,20,False,True,False,False,50,50,False
79020006,frozen,random,1,False,True,True,False,50,50,False
79020006,frozen,random,2,False,True,True,False,50,50,False
79020006,frozen,random,3,False,True,False,False,50,10,True
79020006,frozen,random,4,False,True,False,False,50,50,False
79020006,frozen,random,5,False,True,False,False,50,50,False
79020006,frozen,random,6,False,True,False,False,50,50,False
79020006,frozen,random,7,False,True,False,False,50,50,False
79020006,frozen,random,8,True,True,False,False,50,50,False
79020006,frozen,random,9,False,True,False,False,50,0,True
79020006,frozen,random,10,False,True,False,False,50,50,False
79020006,frozen,random,11,False,True,False,False,50,50,False
79020006,frozen,random,12,False,True,True,False,50,50,False
79020006,frozen,random,13,False,True,False,False,50,50,False
79020006,frozen,random,14,False,True,True,False,50,10,True
79020006,frozen,random,15,False,True,True,False,50,0,True
79020006,frozen,random,16,False,True,False,False,50,50,False
79020006,frozen,random,17,True,True,False,False,50,50,False
79020006,frozen,random,18,False,True,False,False,50,50,False
79020006,frozen,random,19,False,True,False,False,50,50,False
79020006,frozen,random,20,False,True,False,False,50,50,False
79020006,record_and_replan,targeted,1,False,True,False,False,50,50,False
79020006,record_and_replan,targeted,2,False,True,False,False,50,0,True
79020006,record_and_replan,targeted,3,False,True,False,False,50,50,False
79020006,record_and_replan,targeted,4,True,True,False,False,50,50,False
79020006,record_and_replan,targeted,5,False,True,False,False,50,50,False
79020006,record_and_replan,targeted,6,False,True,False,False,50,50,False
79020006,record_and_replan,targeted,7,False,True,False,False,50,0,True
79020006,record_and_replan,targeted,8,True,True,False,False,50,50,False
79020006,record_and_replan,targeted,9,True,True,False,False,50,50,False
79020006,record_and_replan,targeted,10,False,True,False,False,50,50,False
79020006,record_and_replan,targeted,11,True,True,False,False,50,50,False
79020006,record_and_replan,targeted,12,False,True,False,False,50,50,False
79020006,record_and_replan,targeted,13,True,True,False,False,50,50,False
79020006,record_and_replan,targeted,14,False,True,False,False,50,50,False
79020006,record_and_replan,targeted,15,False,True,False,False,50,50,False
79020006,record_and_replan,targeted,16,False,True,False,False,50,0,True
79020006,record_and_replan,targeted,17,False,True,False,False,50,50,False
79020006,record_and_replan,targeted,18,False,True,False,False,50,50,False
79020006,record_and_replan,targeted,19,False,True,False,False,50,50,False
79020006,record_and_replan,targeted,20,False,True,False,False,50,50,False
79020006,record_and_replan,random,1,False,True,True,False,50,50,False
79020006,record_and_replan,random,2,False,True,True,False,50,50,False
79020006,record_and_replan,random,3,False,True,False,False,50,10,True
79020006,record_and_replan,random,4,False,True,False,False,50,50,False
79020006,record_and_replan,random,5,False,True,False,False,50,50,False
79020006,record_and_replan,random,6,False,True,False,False,50,50,False
79020006,record_and_replan,random,7,False,True,False,False,50,50,False
79020006,record_and_replan,random,8,True,True,False,False,50,50,False
79020006,record_and_replan,random,9,False,True,False,False,50,0,True
79020006,record_and_replan,random,10,False,True,False,False,50,50,False
79020006,record_and_replan,random,11,False,True,False,False,50,50,False
79020006,record_and_replan,random,12,False,True,True,False,50,50,False
79020006,record_and_replan,random,13,False,True,False,False,50,50,False
79020006,record_and_replan,random,14,False,True,True,False,50,10,True
79020006,record_and_replan,random,15,False,True,True,False,50,0,True
79020006,record_and_replan,random,16,False,True,False,False,50,50,False
79020006,record_and_replan,random,17,True,True,False,False,50,50,False
79020006,record_and_replan,random,18,False,True,False,False,50,50,False
79020006,record_and_replan,random,19,False,True,False,False,50,50,False
79020006,record_and_replan,random,20,False,True,False,False,50,50,False
79020006,record_replan_and_explore,targeted,1,False,True,False,False,50,50,False
79020006,record_replan_and_explore,targeted,2,True,True,False,False,50,50,False
79020006,record_replan_and_explore,targeted,3,False,True,False,False,50,50,False
79020006,record_replan_and_explore,targeted,4,True,True,False,False,50,50,False
79020006,record_replan_and_explore,targeted,5,False,True,False,False,50,50,False
79020006,record_replan_and_explore,targeted,6,False,True,False,False,50,50,False
79020006,record_replan_and_explore,targeted,7,False,True,False,False,50,50,False
79020006,record_replan_and_explore,targeted,8,False,True,False,False,50,50,False
79020006,record_replan_and_explore,targeted,9,True,True,False,False,50,50,False
79020006,record_replan_and_explore,targeted,10,False,True,False,False,50,50,False
79020006,record_replan_and_explore,targeted,11,True,True,False,False,50,50,False
79020006,record_replan_and_explore,targeted,12,False,True,False,False,50,50,False
79020006,record_replan_and_explore,targeted,13,False,True,False,False,50,50,False
79020006,record_replan_and_explore,targeted,14,False,True,False,False,50,50,False
79020006,record_replan_and_explore,targeted,15,False,True,False,False,50,50,False
79020006,record_replan_and_explore,targeted,16,False,True,False,False,50,50,False
79020006,record_replan_and_explore,targeted,17,False,True,False,False,50,50,False
79020006,record_replan_and_explore,targeted,18,False,True,False,False,50,50,False
79020006,record_replan_and_explore,targeted,19,True,True,False,False,50,50,False
79020006,record_replan_and_explore,targeted,20,False,True,False,False,50,50,False
79020006,record_replan_and_explore,random,1,False,True,True,False,50,50,False
79020006,record_replan_and_explore,random,2,False,True,True,False,50,50,False
79020006,record_replan_and_explore,random,3,False,True,False,False,50,10,True
79020006,record_replan_and_explore,random,4,False,True,False,False,50,50,False
79020006,record_replan_and_explore,random,5,False,True,False,False,50,50,False
79020006,record_replan_and_explore,random,6,False,True,False,False,50,50,False
79020006,record_replan_and_explore,random,7,False,True,False,False,50,50,False
79020006,record_replan_and_explore,random,8,True,True,False,False,50,50,False
79020006,record_replan_and_explore,random,9,True,True,False,False,50,50,False
79020006,record_replan_and_explore,random,10,False,True,False,False,50,50,False
79020006,record_replan_and_explore,random,11,False,True,False,False,50,50,False
79020006,record_replan_and_explore,random,12,False,True,True,False,50,50,False
79020006,record_replan_and_explore,random,13,False,True,False,False,50,50,False
79020006,record_replan_and_explore,random,14,True,True,True,False,50,50,False
79020006,record_replan_and_explore,random,15,False,True,True,False,50,50,False
79020006,record_replan_and_explore,random,16,False,True,False,False,50,50,False
79020006,record_replan_and_explore,random,17,False,True,False,False,50,50,False
79020006,record_replan_and_explore,random,18,False,True,False,False,50,50,False
79020006,record_replan_and_explore,random,19,True,True,False,False,50,50,False
79020006,record_replan_and_explore,random,20,False,True,False,False,50,50,False
79020000,frozen,targeted,1,False,True,False,False,50,50,False
79020000,frozen,targeted,2,False,True,False,False,50,0,True
79020000,frozen,targeted,3,False,True,False,False,50,50,False
79020000,frozen,targeted,4,False,True,False,False,50,50,False
79020000,frozen,targeted,5,False,True,False,False,50,50,False
79020000,frozen,targeted,6,True,True,False,False,50,50,False
79020000,frozen,targeted,7,False,True,False,False,50,50,False
79020000,frozen,targeted,8,False,True,False,False,50,50,False
79020000,frozen,targeted,9,True,True,False,False,50,50,False
79020000,frozen,targeted,10,True,True,False,False,50,50,False
79020000,frozen,targeted,11,False,True,False,False,50,50,False
79020000,frozen,targeted,12,False,True,False,False,50,50,False
79020000,frozen,targeted,13,False,True,False,False,50,50,False
79020000,frozen,targeted,14,False,True,False,False,50,50,False
79020000,frozen,targeted,15,False,True,False,False,50,50,False
79020000,frozen,targeted,16,False,True,False,False,50,50,False
79020000,frozen,targeted,17,False,True,False,False,50,50,False
79020000,frozen,targeted,18,False,True,False,False,50,50,False
79020000,frozen,targeted,19,False,True,False,False,50,50,False
79020000,frozen,targeted,20,False,True,False,False,50,50,False
79020000,frozen,random,1,True,True,False,False,50,50,False
79020000,frozen,random,2,False,True,False,False,50,50,False
79020000,frozen,random,3,False,True,False,False,50,50,False
79020000,frozen,random,4,False,True,False,False,50,50,False
79020000,frozen,random,5,False,True,False,True,50,50,False
79020000,frozen,random,6,False,True,False,False,50,50,False
79020000,frozen,random,7,False,True,False,True,50,50,False
79020000,frozen,random,8,False,True,False,False,50,50,False
79020000,frozen,random,9,False,True,False,False,50,50,False
79020000,frozen,random,10,False,True,False,False,50,0,True
79020000,frozen,random,11,False,True,False,False,50,50,False
79020000,frozen,random,12,False,True,False,False,50,50,False
79020000,frozen,random,13,False,True,False,True,50,50,False
79020000,frozen,random,14,False,True,False,False,50,50,False
79020000,frozen,random,15,False,True,True,False,50,50,False
79020000,frozen,random,16,False,True,True,False,50,50,False
79020000,frozen,random,17,False,True,False,False,50,50,False
79020000,frozen,random,18,False,True,True,False,50,0,True
79020000,frozen,random,19,False,True,False,True,50,50,False
79020000,frozen,random,20,False,True,False,False,50,50,False
79020000,record_and_replan,targeted,1,False,True,False,False,50,50,False
79020000,record_and_replan,targeted,2,False,True,False,False,50,0,True
79020000,record_and_replan,targeted,3,False,True,False,False,50,50,False
79020000,record_and_replan,targeted,4,False,True,False,False,50,50,False
79020000,record_and_replan,targeted,5,False,True,False,False,50,50,False
79020000,record_and_replan,targeted,6,True,True,False,False,50,50,False
79020000,record_and_replan,targeted,7,False,True,False,False,50,50,False
79020000,record_and_replan,targeted,8,False,True,False,False,50,50,False
79020000,record_and_replan,targeted,9,True,True,False,False,50,50,False
79020000,record_and_replan,targeted,10,True,True,False,False,50,50,False
79020000,record_and_replan,targeted,11,False,True,False,False,50,50,False
79020000,record_and_replan,targeted,12,False,True,False,False,50,50,False
79020000,record_and_replan,targeted,13,False,True,False,False,50,50,False
79020000,record_and_replan,targeted,14,False,True,False,False,50,50,False
79020000,record_and_replan,targeted,15,False,True,False,False,50,50,False
79020000,record_and_replan,targeted,16,False,True,False,False,50,50,False
79020000,record_and_replan,targeted,17,False,True,False,False,50,50,False
79020000,record_and_replan,targeted,18,False,True,False,False,50,50,False
79020000,record_and_replan,targeted,19,False,True,False,False,50,50,False
79020000,record_and_replan,targeted,20,False,True,False,False,50,50,False
79020000,record_and_replan,random,1,True,True,False,False,50,50,False
79020000,record_and_replan,random,2,False,True,False,False,50,50,False
79020000,record_and_replan,random,3,False,True,False,False,50,50,False
79020000,record_and_replan,random,4,False,True,False,False,50,50,False
79020000,record_and_replan,random,5,False,True,False,True,50,50,False
79020000,record_and_replan,random,6,False,True,False,False,50,50,False
79020000,record_and_replan,random,7,False,True,False,True,50,50,False
79020000,record_and_replan,random,8,False,True,False,False,50,50,False
79020000,record_and_replan,random,9,False,True,False,False,50,50,False
79020000,record_and_replan,random,10,False,True,False,False,50,0,True
79020000,record_and_replan,random,11,False,True,False,False,50,50,False
79020000,record_and_replan,random,12,False,True,False,False,50,50,False
79020000,record_and_replan,random,13,False,True,False,True,50,50,False
79020000,record_and_replan,random,14,False,True,False,False,50,50,False
79020000,record_and_replan,random,15,False,True,True,False,50,50,False
79020000,record_and_replan,random,16,False,True,True,False,50,50,False
79020000,record_and_replan,random,17,False,True,False,False,50,50,False
79020000,record_and_replan,random,18,False,True,True,False,50,0,True
79020000,record_and_replan,random,19,False,True,False,True,50,50,False
79020000,record_and_replan,random,20,False,True,False,False,50,50,False
79020000,record_replan_and_explore,targeted,1,False,True,False,False,50,50,False
79020000,record_replan_and_explore,targeted,2,False,True,False,False,50,0,True
79020000,record_replan_and_explore,targeted,3,False,True,False,False,50,50,False
79020000,record_replan_and_explore,targeted,4,False,True,False,False,50,50,False
79020000,record_replan_and_explore,targeted,5,False,True,False,False,50,50,False
79020000,record_replan_and_explore,targeted,6,True,True,False,False,50,50,False
79020000,record_replan_and_explore,targeted,7,False,True,False,False,50,50,False
79020000,record_replan_and_explore,targeted,8,False,True,False,False,50,50,False
79020000,record_replan_and_explore,targeted,9,True,True,False,False,50,50,False
79020000,record_replan_and_explore,targeted,10,True,True,False,False,50,50,False
79020000,record_replan_and_explore,targeted,11,False,True,False,False,50,50,False
79020000,record_replan_and_explore,targeted,12,False,True,False,False,50,50,False
79020000,record_replan_and_explore,targeted,13,False,True,False,False,50,50,False
79020000,record_replan_and_explore,targeted,14,False,True,False,False,50,50,False
79020000,record_replan_and_explore,targeted,15,False,True,False,False,50,50,False
79020000,record_replan_and_explore,targeted,16,False,True,False,False,50,50,False
79020000,record_replan_and_explore,targeted,17,False,True,False,False,50,50,False
79020000,record_replan_and_explore,targeted,18,False,True,False,False,50,50,False
79020000,record_replan_and_explore,targeted,19,False,True,False,False,50,50,False
79020000,record_replan_and_explore,targeted,20,False,True,False,False,50,50,False
79020000,record_replan_and_explore,random,1,True,True,False,False,50,50,False
79020000,record_replan_and_explore,random,2,False,True,False,False,50,50,False
79020000,record_replan_and_explore,random,3,False,True,False,False,50,50,False
79020000,record_replan_and_explore,random,4,False,True,False,False,50,50,False
79020000,record_replan_and_explore,random,5,False,True,False,True,50,50,False
79020000,record_replan_and_explore,random,6,False,True,False,False,50,50,False
79020000,record_replan_and_explore,random,7,False,True,False,True,50,50,False
79020000,record_replan_and_explore,random,8,False,True,False,False,50,50,False
79020000,record_replan_and_explore,random,9,False,True,False,False,50,50,False
79020000,record_replan_and_explore,random,10,False,True,False,False,50,0,True
79020000,record_replan_and_explore,random,11,False,True,False,False,50,50,False
79020000,record_replan_and_explore,random,12,False,True,False,False,50,50,False
79020000,record_replan_and_explore,random,13,False,True,False,True,50,50,False
79020000,record_replan_and_explore,random,14,False,True,False,False,50,50,False
79020000,record_replan_and_explore,random,15,False,True,True,False,50,50,False
79020000,record_replan_and_explore,random,16,False,True,True,False,50,50,False
79020000,record_replan_and_explore,random,17,False,True,False,False,50,50,False
79020000,record_replan_and_explore,random,18,True,True,True,False,50,50,False
79020000,record_replan_and_explore,random,19,False,True,False,True,50,50,False
79020000,record_replan_and_explore,random,20,False,True,False,False,50,50,False
79020007,frozen,targeted,1,False,True,False,False,50,50,False
79020007,frozen,targeted,2,False,True,False,False,50,50,False
79020007,frozen,targeted,3,False,True,False,False,50,50,False
79020007,frozen,targeted,4,True,True,False,False,50,50,False
79020007,frozen,targeted,5,False,True,False,False,50,50,False
79020007,frozen,targeted,6,False,True,False,False,50,50,False
79020007,frozen,targeted,7,False,True,False,False,50,50,False
79020007,frozen,targeted,8,False,True,False,False,50,50,False
79020007,frozen,targeted,9,False,True,False,False,50,50,False
79020007,frozen,targeted,10,True,True,False,False,50,50,False
79020007,frozen,targeted,11,False,True,False,False,50,50,False
79020007,frozen,targeted,12,False,True,False,False,50,50,False
79020007,frozen,targeted,13,False,True,False,False,50,50,False
79020007,frozen,targeted,14,False,True,False,False,50,50,False
79020007,frozen,targeted,15,True,True,False,False,50,50,False
79020007,frozen,targeted,16,False,True,False,False,50,50,False
79020007,frozen,targeted,17,False,True,False,False,50,50,False
79020007,frozen,targeted,18,False,True,False,False,50,50,False
79020007,frozen,targeted,19,False,True,False,False,50,50,False
79020007,frozen,targeted,20,False,True,False,False,50,50,False
79020007,frozen,random,1,False,True,False,False,50,50,False
79020007,frozen,random,2,False,True,False,False,50,50,False
79020007,frozen,random,3,True,True,False,False,50,50,False
79020007,frozen,random,4,False,True,False,False,50,50,False
79020007,frozen,random,5,False,True,False,True,50,50,False
79020007,frozen,random,6,False,True,False,False,50,50,False
79020007,frozen,random,7,False,True,False,False,50,50,False
79020007,frozen,random,8,False,True,False,False,50,50,False
79020007,frozen,random,9,True,True,True,False,50,50,False
79020007,frozen,random,10,False,True,False,False,50,0,True
79020007,frozen,random,11,False,True,False,False,50,0,True
79020007,frozen,random,12,False,True,False,False,50,50,False
79020007,frozen,random,13,False,True,False,False,50,50,False
79020007,frozen,random,14,False,True,False,False,50,50,False
79020007,frozen,random,15,False,True,False,False,50,50,False
79020007,frozen,random,16,False,True,False,False,50,50,False
79020007,frozen,random,17,False,True,False,False,50,0,True
79020007,frozen,random,18,False,True,False,True,50,50,False
79020007,frozen,random,19,False,True,False,False,50,50,False
79020007,frozen,random,20,False,True,False,False,50,50,False
79020007,record_and_replan,targeted,1,False,True,False,False,50,50,False
79020007,record_and_replan,targeted,2,False,True,False,False,50,50,False
79020007,record_and_replan,targeted,3,False,True,False,False,50,50,False
79020007,record_and_replan,targeted,4,True,True,False,False,50,50,False
79020007,record_and_replan,targeted,5,False,True,False,False,50,50,False
79020007,record_and_replan,targeted,6,False,True,False,False,50,50,False
79020007,record_and_replan,targeted,7,False,True,False,False,50,50,False
79020007,record_and_replan,targeted,8,False,True,False,False,50,50,False
79020007,record_and_replan,targeted,9,False,True,False,False,50,50,False
79020007,record_and_replan,targeted,10,True,True,False,False,50,50,False
79020007,record_and_replan,targeted,11,False,True,False,False,50,50,False
79020007,record_and_replan,targeted,12,False,True,False,False,50,50,False
79020007,record_and_replan,targeted,13,False,True,False,False,50,50,False
79020007,record_and_replan,targeted,14,False,True,False,False,50,50,False
79020007,record_and_replan,targeted,15,True,True,False,False,50,50,False
79020007,record_and_replan,targeted,16,False,True,False,False,50,50,False
79020007,record_and_replan,targeted,17,False,True,False,False,50,50,False
79020007,record_and_replan,targeted,18,False,True,False,False,50,50,False
79020007,record_and_replan,targeted,19,False,True,False,False,50,50,False
79020007,record_and_replan,targeted,20,False,True,False,False,50,50,False
79020007,record_and_replan,random,1,False,True,False,False,50,50,False
79020007,record_and_replan,random,2,False,True,False,False,50,50,False
79020007,record_and_replan,random,3,True,True,False,False,50,50,False
79020007,record_and_replan,random,4,False,True,False,False,50,50,False
79020007,record_and_replan,random,5,False,True,False,True,50,50,False
79020007,record_and_replan,random,6,False,True,False,False,50,50,False
79020007,record_and_replan,random,7,False,True,False,False,50,50,False
79020007,record_and_replan,random,8,False,True,False,False,50,50,False
79020007,record_and_replan,random,9,True,True,True,False,50,50,False
79020007,record_and_replan,random,10,False,True,False,False,50,0,True
79020007,record_and_replan,random,11,False,True,False,False,50,0,True
79020007,record_and_replan,random,12,False,True,False,False,50,50,False
79020007,record_and_replan,random,13,False,True,False,False,50,50,False
79020007,record_and_replan,random,14,False,True,False,False,50,50,False
79020007,record_and_replan,random,15,False,True,False,False,50,50,False
79020007,record_and_replan,random,16,False,True,False,False,50,50,False
79020007,record_and_replan,random,17,False,True,False,False,50,0,True
79020007,record_and_replan,random,18,False,True,False,True,50,50,False
79020007,record_and_replan,random,19,False,True,False,False,50,50,False
79020007,record_and_replan,random,20,False,True,False,False,50,50,False
79020007,record_replan_and_explore,targeted,1,False,True,False,False,50,50,False
79020007,record_replan_and_explore,targeted,2,False,True,False,False,50,50,False
79020007,record_replan_and_explore,targeted,3,False,True,False,False,50,50,False
79020007,record_replan_and_explore,targeted,4,True,True,False,False,50,50,False
79020007,record_replan_and_explore,targeted,5,False,True,False,False,50,50,False
79020007,record_replan_and_explore,targeted,6,False,True,False,False,50,50,False
79020007,record_replan_and_explore,targeted,7,False,True,False,False,50,50,False
79020007,record_replan_and_explore,targeted,8,False,True,False,False,50,50,False
79020007,record_replan_and_explore,targeted,9,False,True,False,False,50,50,False
79020007,record_replan_and_explore,targeted,10,True,True,False,False,50,50,False
79020007,record_replan_and_explore,targeted,11,False,True,False,False,50,50,False
79020007,record_replan_and_explore,targeted,12,False,True,False,False,50,50,False
79020007,record_replan_and_explore,targeted,13,False,True,False,False,50,50,False
79020007,record_replan_and_explore,targeted,14,False,True,False,False,50,50,False
79020007,record_replan_and_explore,targeted,15,True,True,False,False,50,50,False
79020007,record_replan_and_explore,targeted,16,False,True,False,False,50,50,False
79020007,record_replan_and_explore,targeted,17,False,True,False,False,50,50,False
79020007,record_replan_and_explore,targeted,18,False,True,False,False,50,50,False
79020007,record_replan_and_explore,targeted,19,False,True,False,False,50,50,False
79020007,record_replan_and_explore,targeted,20,False,True,False,False,50,50,False
79020007,record_replan_and_explore,random,1,False,True,False,False,50,50,False
79020007,record_replan_and_explore,random,2,False,True,False,False,50,50,False
79020007,record_replan_and_explore,random,3,True,True,False,False,50,50,False
79020007,record_replan_and_explore,random,4,False,True,False,False,50,50,False
79020007,record_replan_and_explore,random,5,False,True,False,True,50,50,False
79020007,record_replan_and_explore,random,6,False,True,False,False,50,50,False
79020007,record_replan_and_explore,random,7,False,True,False,False,50,50,False
79020007,record_replan_and_explore,random,8,False,True,False,False,50,50,False
79020007,record_replan_and_explore,random,9,True,True,True,False,50,50,False
79020007,record_replan_and_explore,random,10,True,True,False,False,50,50,False
79020007,record_replan_and_explore,random,11,False,True,False,False,50,50,False
79020007,record_replan_and_explore,random,12,False,True,False,False,50,50,False
79020007,record_replan_and_explore,random,13,False,True,False,False,50,50,False
79020007,record_replan_and_explore,random,14,False,True,False,False,50,50,False
79020007,record_replan_and_explore,random,15,False,True,False,False,50,50,False
79020007,record_replan_and_explore,random,16,False,True,False,False,50,50,False
79020007,record_replan_and_explore,random,17,False,True,False,False,50,50,False
79020007,record_replan_and_explore,random,18,True,True,False,True,50,50,False
79020007,record_replan_and_explore,random,19,False,True,False,False,50,50,False
79020007,record_replan_and_explore,random,20,False,True,False,False,50,50,False
79020002,frozen,targeted,1,False,True,False,False,50,50,False
79020002,frozen,targeted,2,True,True,False,False,50,50,False
79020002,frozen,targeted,3,False,True,True,False,50,0,True
79020002,frozen,targeted,4,False,True,False,False,50,50,False
79020002,frozen,targeted,5,False,True,False,False,50,50,False
79020002,frozen,targeted,6,False,True,False,False,50,50,False
79020002,frozen,targeted,7,False,True,True,False,50,0,True
79020002,frozen,targeted,8,False,True,True,False,50,0,True
79020002,frozen,targeted,9,False,True,False,False,50,50,False
79020002,frozen,targeted,10,False,True,False,False,50,50,False
79020002,frozen,targeted,11,False,True,False,False,50,50,False
79020002,frozen,targeted,12,False,True,True,False,50,0,True
79020002,frozen,targeted,13,False,True,False,False,50,50,False
79020002,frozen,targeted,14,False,True,False,False,50,50,False
79020002,frozen,targeted,15,False,True,False,False,50,50,False
79020002,frozen,targeted,16,False,True,False,False,50,50,False
79020002,frozen,targeted,17,False,True,False,False,50,50,False
79020002,frozen,targeted,18,False,True,True,False,50,0,True
79020002,frozen,targeted,19,False,True,False,False,50,50,False
79020002,frozen,targeted,20,True,True,False,False,50,50,False
79020002,frozen,random,1,True,True,False,True,50,50,False
79020002,frozen,random,2,True,True,False,False,50,50,False
79020002,frozen,random,3,False,True,False,True,50,50,False
79020002,frozen,random,4,False,True,False,False,50,50,False
79020002,frozen,random,5,False,True,False,False,50,50,False
79020002,frozen,random,6,True,True,True,False,50,50,False
79020002,frozen,random,7,False,True,False,False,50,50,False
79020002,frozen,random,8,False,True,False,False,50,50,False
79020002,frozen,random,9,False,True,False,False,50,50,False
79020002,frozen,random,10,False,True,False,False,50,50,False
79020002,frozen,random,11,False,True,False,False,50,50,False
79020002,frozen,random,12,False,True,False,False,50,50,False
79020002,frozen,random,13,False,True,True,False,50,50,False
79020002,frozen,random,14,False,True,False,False,50,50,False
79020002,frozen,random,15,False,True,False,False,50,0,True
79020002,frozen,random,16,False,True,False,False,50,0,True
79020002,frozen,random,17,False,True,False,False,50,50,False
79020002,frozen,random,18,False,True,False,False,50,50,False
79020002,frozen,random,19,True,True,False,False,50,50,False
79020002,frozen,random,20,False,True,False,False,50,50,False
79020002,record_and_replan,targeted,1,False,True,False,False,50,50,False
79020002,record_and_replan,targeted,2,True,True,False,False,50,50,False
79020002,record_and_replan,targeted,3,False,True,True,False,50,0,True
79020002,record_and_replan,targeted,4,False,True,False,False,50,50,False
79020002,record_and_replan,targeted,5,False,True,False,False,50,50,False
79020002,record_and_replan,targeted,6,False,True,False,False,50,50,False
79020002,record_and_replan,targeted,7,False,True,True,False,50,0,True
79020002,record_and_replan,targeted,8,False,True,True,False,50,0,True
79020002,record_and_replan,targeted,9,False,True,False,False,50,50,False
79020002,record_and_replan,targeted,10,False,True,False,False,50,50,False
79020002,record_and_replan,targeted,11,False,True,False,False,50,50,False
79020002,record_and_replan,targeted,12,False,True,True,False,50,0,True
79020002,record_and_replan,targeted,13,False,True,False,False,50,50,False
79020002,record_and_replan,targeted,14,False,True,False,False,50,50,False
79020002,record_and_replan,targeted,15,False,True,False,False,50,50,False
79020002,record_and_replan,targeted,16,False,True,False,False,50,50,False
79020002,record_and_replan,targeted,17,False,True,False,False,50,50,False
79020002,record_and_replan,targeted,18,False,True,True,False,50,0,True
79020002,record_and_replan,targeted,19,False,True,False,False,50,50,False
79020002,record_and_replan,targeted,20,True,True,False,False,50,50,False
79020002,record_and_replan,random,1,True,True,False,True,50,50,False
79020002,record_and_replan,random,2,True,True,False,False,50,50,False
79020002,record_and_replan,random,3,False,True,False,True,50,50,False
79020002,record_and_replan,random,4,False,True,False,False,50,50,False
79020002,record_and_replan,random,5,False,True,False,False,50,50,False
79020002,record_and_replan,random,6,True,True,True,False,50,50,False
79020002,record_and_replan,random,7,False,True,False,False,50,50,False
79020002,record_and_replan,random,8,False,True,False,False,50,50,False
79020002,record_and_replan,random,9,False,True,False,False,50,50,False
79020002,record_and_replan,random,10,False,True,False,False,50,50,False
79020002,record_and_replan,random,11,False,True,False,False,50,50,False
79020002,record_and_replan,random,12,False,True,False,False,50,50,False
79020002,record_and_replan,random,13,False,True,True,False,50,50,False
79020002,record_and_replan,random,14,False,True,False,False,50,50,False
79020002,record_and_replan,random,15,False,True,False,False,50,0,True
79020002,record_and_replan,random,16,False,True,False,False,50,0,True
79020002,record_and_replan,random,17,False,True,False,False,50,50,False
79020002,record_and_replan,random,18,False,True,False,False,50,50,False
79020002,record_and_replan,random,19,True,True,False,False,50,50,False
79020002,record_and_replan,random,20,False,True,False,False,50,50,False
79020002,record_replan_and_explore,targeted,1,False,True,False,False,50,50,False
79020002,record_replan_and_explore,targeted,2,True,True,False,False,50,50,False
79020002,record_replan_and_explore,targeted,3,True,True,True,False,50,50,False
79020002,record_replan_and_explore,targeted,4,False,True,False,False,50,50,False
79020002,record_replan_and_explore,targeted,5,False,True,False,False,50,50,False
79020002,record_replan_and_explore,targeted,6,True,True,False,False,50,50,False
79020002,record_replan_and_explore,targeted,7,False,True,False,False,50,50,False
79020002,record_replan_and_explore,targeted,8,False,True,False,False,50,50,False
79020002,record_replan_and_explore,targeted,9,False,True,False,False,50,50,False
79020002,record_replan_and_explore,targeted,10,False,True,False,False,50,50,False
79020002,record_replan_and_explore,targeted,11,False,True,False,False,50,50,False
79020002,record_replan_and_explore,targeted,12,False,True,False,False,50,50,False
79020002,record_replan_and_explore,targeted,13,False,True,False,False,50,0,True
79020002,record_replan_and_explore,targeted,14,False,True,False,False,50,50,False
79020002,record_replan_and_explore,targeted,15,False,True,False,False,50,50,False
79020002,record_replan_and_explore,targeted,16,False,True,False,False,50,50,False
79020002,record_replan_and_explore,targeted,17,False,True,False,False,50,50,False
79020002,record_replan_and_explore,targeted,18,False,True,False,False,50,50,False
79020002,record_replan_and_explore,targeted,19,False,True,False,False,50,50,False
79020002,record_replan_and_explore,targeted,20,False,True,False,False,50,50,False
79020002,record_replan_and_explore,random,1,True,True,False,True,50,50,False
79020002,record_replan_and_explore,random,2,True,True,False,False,50,50,False
79020002,record_replan_and_explore,random,3,False,True,False,True,50,50,False
79020002,record_replan_and_explore,random,4,False,True,False,False,50,50,False
79020002,record_replan_and_explore,random,5,False,True,False,False,50,50,False
79020002,record_replan_and_explore,random,6,True,True,True,False,50,50,False
79020002,record_replan_and_explore,random,7,False,True,False,False,50,50,False
79020002,record_replan_and_explore,random,8,False,True,False,False,50,50,False
79020002,record_replan_and_explore,random,9,False,True,False,False,50,50,False
79020002,record_replan_and_explore,random,10,False,True,False,False,50,50,False
79020002,record_replan_and_explore,random,11,False,True,False,False,50,50,False
79020002,record_replan_and_explore,random,12,False,True,False,False,50,50,False
79020002,record_replan_and_explore,random,13,False,True,True,False,50,50,False
79020002,record_replan_and_explore,random,14,False,True,False,False,50,50,False
79020002,record_replan_and_explore,random,15,True,True,False,False,50,50,False
79020002,record_replan_and_explore,random,16,False,True,False,False,50,50,False
79020002,record_replan_and_explore,random,17,False,True,False,False,50,50,False
79020002,record_replan_and_explore,random,18,False,True,False,False,50,50,False
79020002,record_replan_and_explore,random,19,False,True,False,False,50,50,False
79020002,record_replan_and_explore,random,20,False,True,False,False,50,10,True
