seed,task_id,task_type,policy,starts_in_model,success,task_steps,capped_steps,exploration_steps,replans,failure_reason,final_memory,final_memory_accepting,exploration_decisions,virtual_field_decisions,task_signal_available_decisions,field_changed_decisions,has_changed_decision,generic_counterfactual_action_switches,virtual_nodes_total,virtual_nodes_max,real_product_nodes_max,field_solve_seconds,max_field_residual,constant_source_roundoff_corrections,wall_seconds,cpu_seconds,sampled_peak_rss_bytes,process_peak_rss_bytes_so_far,states_known_at_end,virtual_nodes_mean
2202,0,sequence,structural,False,True,696,696,683,696,success,3,True,683,0,0,0,False,0,0,0,0,0,0,0,0.5629903939999963,0.56295885,64245760,64049152,101,0.0
2202,0,sequence,frontier_t0,False,True,185,185,180,185,success,3,True,180,0,0,0,False,0,0,0,0,0,0,0,0.21494292500000256,0.21491291200000007,64245760,64049152,101,0.0
2202,0,sequence,virtual_frontier,False,True,146,146,141,146,success,3,True,141,141,0,0,False,115,9311,88,98,0.058354616999992004,3.3306690738754696e-16,0,0.3538025229999846,0.353747362,64401408,64180224,99,66.0354609929078
2202,0,sequence,task_virtual_frontier,False,True,146,146,141,146,success,3,True,141,141,0,0,False,115,9311,88,98,0.057830067000111285,3.3306690738754696e-16,0,0.3524822340000071,0.352418801,64401408,64180224,99,66.0354609929078
2202,1,all_of,structural,False,True,682,682,682,682,success,7,True,682,0,0,0,False,0,0,0,0,0,0,0,0.6713647269999967,0.6713056640000001,64413696,64180224,101,0.0
2202,1,all_of,frontier_t0,False,True,179,179,179,179,success,7,True,179,0,0,0,False,0,0,0,0,0,0,0,0.28919314899999904,0.28917488700000016,64413696,64180224,101,0.0
2202,1,all_of,virtual_frontier,False,True,140,140,140,140,success,7,True,140,140,113,0,False,114,17477,175,190,0.07377814199992372,4.440892098500626e-16,0,0.581274470000011,0.5811531560000001,64417792,64180224,99,124.83571428571429
2202,1,all_of,task_virtual_frontier,False,True,132,132,132,132,success,7,True,132,132,71,2,True,105,14152,175,178,0.06435819999995829,4.440892098500626e-16,0,0.48428660000001855,0.48424245,64417792,64180224,98,107.21212121212122
2202,2,condition_then,structural,True,True,9,9,0,9,success,2,True,0,0,0,0,False,0,0,0,0,0,0,0,0.023176833000007946,0.023173174000000074,64421888,64180224,83,0.0
2202,2,condition_then,frontier_t0,True,True,9,9,0,9,success,2,True,0,0,0,0,False,0,0,0,0,0,0,0,0.023110830000007354,0.02310756199999986,64421888,64180224,83,0.0
2202,2,condition_then,virtual_frontier,True,True,9,9,0,9,success,2,True,0,0,0,0,False,0,0,0,0,0,0,0,0.02300384000000122,0.023000553000000146,64421888,64180224,83,0.0
2202,2,condition_then,task_virtual_frontier,True,True,9,9,0,9,success,2,True,0,0,0,0,False,0,0,0,0,0,0,0,0.02311193100001674,0.023089346999999982,64421888,64180224,83,0.0
2202,3,sequence,structural,False,True,18,18,1,18,success,3,True,1,0,0,0,False,0,0,0,0,0,0,0,0.05042679499999281,0.050422894999999635,64421888,64180224,84,0.0
2202,3,sequence,frontier_t0,False,True,18,18,1,18,success,3,True,1,0,0,0,False,0,0,0,0,0,0,0,0.050145789999987755,0.05014296199999979,64421888,64180224,84,0.0
2202,3,sequence,virtual_frontier,False,True,18,18,1,18,success,3,True,1,1,0,0,False,0,5,5,1,0.00025990599999659025,1.1102230246251565e-16,0,0.05085379400000534,0.05085074299999981,64421888,64180224,84,5.0
2202,3,sequence,task_virtual_frontier,False,True,18,18,1,18,success,3,True,1,1,0,0,False,0,5,5,1,0.00025339399999779744,1.1102230246251565e-16,0,0.05054072900000506,0.05053791899999993,64421888,64180224,84,5.0
2202,4,all_of,structural,False,True,13,13,1,13,success,7,True,1,0,0,0,False,0,0,0,0,0,0,0,0.05360494100000324,0.053602006999999396,64425984,64180224,84,0.0
2202,4,all_of,frontier_t0,False,True,13,13,1,13,success,7,True,1,0,0,0,False,0,0,0,0,0,0,0,0.05339421600001515,0.05338306800000048,64425984,64180224,84,0.0
2202,4,all_of,virtual_frontier,False,True,13,13,1,13,success,7,True,1,1,0,0,False,0,5,5,1,0.00025465699999926983,1.1102230246251565e-16,0,0.05400056099998096,0.053997775000000026,64425984,64180224,84,5.0
2202,4,all_of,task_virtual_frontier,False,True,13,13,1,13,success,7,True,1,1,0,0,False,0,5,5,1,0.00026517599999920094,1.1102230246251565e-16,0,0.05388088699999116,0.05387814199999941,64425984,64180224,84,5.0
2202,5,condition_then,structural,False,False,4096,4096,4096,4096,task_step_limit,1,False,4096,0,0,0,False,0,0,0,0,0,0,0,3.7436668699999984,3.743412307,67289088,67063808,125,0.0
2202,5,condition_then,frontier_t0,False,True,677,677,677,677,success,2,True,677,0,0,0,False,0,0,0,0,0,0,0,0.9295998519999955,0.929528745999999,67289088,67063808,148,0.0
2202,5,condition_then,virtual_frontier,False,True,578,578,578,578,success,2,True,578,578,12,0,False,431,38858,122,139,0.26365478700031986,6.661338147750939e-16,0,1.647247271999987,1.647116349000001,67309568,67063808,140,67.22837370242215
2202,5,condition_then,task_virtual_frontier,False,True,578,578,578,578,success,2,True,578,578,12,0,False,431,38858,122,139,0.26630829999990624,6.661338147750939e-16,0,1.6719702709999922,1.671779751999999,67309568,67063808,140,67.22837370242215
2202,6,sequence,structural,False,False,4096,4096,4096,4096,task_step_limit,1,False,4096,0,0,0,False,0,0,0,0,0,0,0,3.7701952220000123,3.769745531999998,67715072,67457024,121,0.0
2202,6,sequence,frontier_t0,False,True,660,660,660,660,success,3,True,660,0,0,0,False,0,0,0,0,0,0,0,0.8975782400000014,0.8974784480000011,67715072,67457024,146,0.0
2202,6,sequence,virtual_frontier,False,True,440,440,440,440,success,3,True,440,440,0,0,False,341,26339,86,126,0.19467425400029015,8.881784197001252e-16,0,1.1968331280000086,1.1966725989999993,67723264,67457024,127,59.861363636363635
2202,6,sequence,task_virtual_frontier,False,True,440,440,440,440,success,3,True,440,440,0,0,False,341,26339,86,126,0.19249418299995114,8.881784197001252e-16,0,1.1863374059999785,1.1862329609999982,67723264,67457024,127,59.861363636363635
2202,7,all_of,structural,False,False,4096,4096,4096,4096,task_step_limit,6,False,4096,0,0,0,False,0,0,0,0,0,0,0,4.71858072500001,4.718167533999999,67723264,67457024,121,0.0
2202,7,all_of,frontier_t0,False,True,407,407,407,407,success,7,True,407,0,0,0,False,0,0,0,0,0,0,0,0.6978028439999946,0.6977852280000008,67723264,67457024,122,0.0
2202,7,all_of,virtual_frontier,False,True,415,415,415,415,success,7,True,415,415,151,0,False,323,35526,169,195,0.2009623640000484,8.881784197001252e-16,0,1.4955260899999985,1.495383528999998,67723264,67457024,124,85.60481927710843
2202,7,all_of,task_virtual_frontier,False,True,415,415,415,415,success,7,True,415,415,141,1,True,323,34917,169,193,0.19886184700013132,8.881784197001252e-16,0,1.4684294430000193,1.4683435090000003,67723264,67457024,124,84.13734939759036
2202,8,condition_then,structural,False,True,2226,2226,2226,2226,success,2,True,2226,0,0,0,False,0,0,0,0,0,0,0,1.9383595760000105,1.9381946580000005,67723264,67457024,115,0.0
2202,8,condition_then,frontier_t0,False,True,660,660,660,660,success,2,True,660,0,0,0,False,0,0,0,0,0,0,0,0.9736155600000131,0.9735498970000016,67723264,67457024,146,0.0
2202,8,condition_then,virtual_frontier,False,True,440,440,440,440,success,2,True,440,440,110,0,False,341,32438,153,174,0.20500961499971027,6.661338147750939e-16,0,1.329049872000013,1.3288529460000014,67723264,67457024,127,73.72272727272727
2202,8,condition_then,task_virtual_frontier,False,True,465,465,465,465,success,2,True,465,465,31,2,True,357,30652,153,158,0.20582024200035676,6.661338147750939e-16,0,1.3010838390000004,1.3009563430000028,67723264,67457024,128,65.91827956989248
2202,9,branch,structural,False,True,966,966,966,966,success,3,True,966,0,0,0,False,0,0,0,0,0,0,0,0.7801512849999881,0.7800913280000046,67723264,67457024,105,0.0
2202,9,branch,frontier_t0,False,True,224,224,224,224,success,3,True,224,0,0,0,False,0,0,0,0,0,0,0,0.2558645320000039,0.255812241000001,67723264,67457024,104,0.0
2202,9,branch,virtual_frontier,False,True,289,289,289,289,success,3,True,289,289,0,0,False,223,19611,86,111,0.12462289699985263,6.661338147750939e-16,0,0.7502946739999743,0.7502038150000061,67723264,67457024,112,67.85813148788927
2202,9,branch,task_virtual_frontier,False,True,289,289,289,289,success,3,True,289,289,0,0,False,223,19611,86,111,0.12318304700013982,6.661338147750939e-16,0,0.745851684999991,0.7457988069999999,67723264,67457024,112,67.85813148788927
2202,10,branch,structural,False,True,10,10,1,10,success,3,True,1,0,0,0,False,0,0,0,0,0,0,0,0.026015935000003765,0.02601209099999835,67723264,67457024,84,0.0
2202,10,branch,frontier_t0,False,True,10,10,1,10,success,3,True,1,0,0,0,False,0,0,0,0,0,0,0,0.02586430099998438,0.02586028800000406,67723264,67457024,84,0.0
2202,10,branch,virtual_frontier,False,True,10,10,1,10,success,3,True,1,1,0,0,False,0,5,5,1,0.00025554800001259537,1.1102230246251565e-16,0,0.02628334499999596,0.02628043099999644,67723264,67457024,84,5.0
2202,10,branch,task_virtual_frontier,False,True,10,10,1,10,success,3,True,1,1,0,0,False,0,5,5,1,0.00025821299999506664,1.1102230246251565e-16,0,0.026221458999998504,0.026218716999999003,67723264,67457024,84,5.0
2202,11,branch,structural,False,True,9,9,1,9,success,3,True,1,0,0,0,False,0,0,0,0,0,0,0,0.023443021000019826,0.023439080999999362,67723264,67457024,84,0.0
2202,11,branch,frontier_t0,False,True,9,9,1,9,success,3,True,1,0,0,0,False,0,0,0,0,0,0,0,0.023538299000023244,0.02353537000000472,67723264,67457024,84,0.0
2202,11,branch,virtual_frontier,False,True,9,9,1,9,success,3,True,1,1,0,0,False,0,5,5,1,0.000276797999987366,1.1102230246251565e-16,0,0.023987540000007357,0.0239847689999948,67723264,67457024,84,5.0
2202,11,branch,task_virtual_frontier,False,True,9,9,1,9,success,3,True,1,1,0,0,False,0,5,5,1,0.0002580230000148731,1.1102230246251565e-16,0,0.024100822000008293,0.024089334000002793,67723264,67457024,84,5.0
2303,0,sequence,structural,True,True,12,12,0,12,success,3,True,0,0,0,0,False,0,0,0,0,0,0,0,0.03933252499999185,0.03931214499999669,67723264,67457024,93,0.0
2303,0,sequence,frontier_t0,True,True,12,12,0,12,success,3,True,0,0,0,0,False,0,0,0,0,0,0,0,0.03927715999998327,0.03927429499999846,67723264,67457024,93,0.0
2303,0,sequence,virtual_frontier,True,True,12,12,0,12,success,3,True,0,0,0,0,False,0,0,0,0,0,0,0,0.03902034999998705,0.03901737500000024,67723264,67457024,93,0.0
2303,0,sequence,task_virtual_frontier,True,True,12,12,0,12,success,3,True,0,0,0,0,False,0,0,0,0,0,0,0,0.03913241899999775,0.039129303999999365,67723264,67457024,93,0.0
2303,1,all_of,structural,True,True,15,15,0,15,success,7,True,0,0,0,0,False,0,0,0,0,0,0,0,0.09044787899998141,0.09044456300000547,67723264,67457024,93,0.0
2303,1,all_of,frontier_t0,True,True,15,15,0,15,success,7,True,0,0,0,0,False,0,0,0,0,0,0,0,0.09010695099999566,0.09010310600000082,67719168,67457024,93,0.0
2303,1,all_of,virtual_frontier,True,True,15,15,0,15,success,7,True,0,0,0,0,False,0,0,0,0,0,0,0,0.09059405200000015,0.09059005600000347,67719168,67457024,93,0.0
2303,1,all_of,task_virtual_frontier,True,True,15,15,0,15,success,7,True,0,0,0,0,False,0,0,0,0,0,0,0,0.09057770100000084,0.09056338599999947,67719168,67457024,93,0.0
2303,2,condition_then,structural,True,True,7,7,0,7,success,2,True,0,0,0,0,False,0,0,0,0,0,0,0,0.017345406000004004,0.017341865000005896,67719168,67457024,93,0.0
2303,2,condition_then,frontier_t0,True,True,7,7,0,7,success,2,True,0,0,0,0,False,0,0,0,0,0,0,0,0.017163726000006818,0.017161198000003708,67719168,67457024,93,0.0
2303,2,condition_then,virtual_frontier,True,True,7,7,0,7,success,2,True,0,0,0,0,False,0,0,0,0,0,0,0,0.01723636099998771,0.017233622999995646,67719168,67457024,93,0.0
2303,2,condition_then,task_virtual_frontier,True,True,7,7,0,7,success,2,True,0,0,0,0,False,0,0,0,0,0,0,0,0.017240469999990182,0.01723778099999862,67719168,67457024,93,0.0
2303,3,sequence,structural,True,True,18,18,0,18,success,3,True,0,0,0,0,False,0,0,0,0,0,0,0,0.058136859000001095,0.05813403099999448,67719168,67457024,93,0.0
2303,3,sequence,frontier_t0,True,True,18,18,0,18,success,3,True,0,0,0,0,False,0,0,0,0,0,0,0,0.05775273099999367,0.05774984399999994,67719168,67457024,93,0.0
2303,3,sequence,virtual_frontier,True,True,18,18,0,18,success,3,True,0,0,0,0,False,0,0,0,0,0,0,0,0.05811981699997659,0.058116169000001605,67719168,67457024,93,0.0
2303,3,sequence,task_virtual_frontier,True,True,18,18,0,18,success,3,True,0,0,0,0,False,0,0,0,0,0,0,0,0.058060857000015176,0.05805733799999757,67719168,67457024,93,0.0
2303,4,all_of,structural,True,True,20,20,0,20,success,7,True,0,0,0,0,False,0,0,0,0,0,0,0,0.12714474300000234,0.12710110400000474,67719168,67457024,93,0.0
2303,4,all_of,frontier_t0,True,True,20,20,0,20,success,7,True,0,0,0,0,False,0,0,0,0,0,0,0,0.11888952099999983,0.11887408499999452,67719168,67457024,93,0.0
2303,4,all_of,virtual_frontier,True,True,20,20,0,20,success,7,True,0,0,0,0,False,0,0,0,0,0,0,0,0.11927107500000034,0.11926758900000323,67719168,67457024,93,0.0
2303,4,all_of,task_virtual_frontier,True,True,20,20,0,20,success,7,True,0,0,0,0,False,0,0,0,0,0,0,0,0.11890831599998819,0.11889587699999993,67719168,67457024,93,0.0
2303,5,condition_then,structural,True,True,12,12,0,12,success,2,True,0,0,0,0,False,0,0,0,0,0,0,0,0.03383545199997684,0.0338324419999978,67719168,67457024,93,0.0
2303,5,condition_then,frontier_t0,True,True,12,12,0,12,success,2,True,0,0,0,0,False,0,0,0,0,0,0,0,0.03367499199998747,0.033672252999998875,67719168,67457024,93,0.0
2303,5,condition_then,virtual_frontier,True,True,12,12,0,12,success,2,True,0,0,0,0,False,0,0,0,0,0,0,0,0.03387941400001182,0.03387666400000455,67719168,67457024,93,0.0
2303,5,condition_then,task_virtual_frontier,True,True,12,12,0,12,success,2,True,0,0,0,0,False,0,0,0,0,0,0,0,0.03377084100000616,0.03376836300000008,67719168,67457024,93,0.0
2303,6,sequence,structural,True,True,20,20,0,20,success,3,True,0,0,0,0,False,0,0,0,0,0,0,0,0.06084103699998877,0.0608315049999959,67719168,67457024,93,0.0
2303,6,sequence,frontier_t0,True,True,20,20,0,20,success,3,True,0,0,0,0,False,0,0,0,0,0,0,0,0.060791313999999375,0.06078842400000184,67719168,67457024,93,0.0
2303,6,sequence,virtual_frontier,True,True,20,20,0,20,success,3,True,0,0,0,0,False,0,0,0,0,0,0,0,0.060740127999991955,0.0607270190000051,67719168,67457024,93,0.0
2303,6,sequence,task_virtual_frontier,True,True,20,20,0,20,success,3,True,0,0,0,0,False,0,0,0,0,0,0,0,0.06077329100000384,0.060769268000001375,67719168,67457024,93,0.0
2303,7,all_of,structural,True,True,16,16,0,16,success,7,True,0,0,0,0,False,0,0,0,0,0,0,0,0.08224377300001606,0.08223074900000427,67719168,67588096,93,0.0
2303,7,all_of,frontier_t0,True,True,16,16,0,16,success,7,True,0,0,0,0,False,0,0,0,0,0,0,0,0.08191287400001102,0.08190962000000468,67719168,67588096,93,0.0
2303,7,all_of,virtual_frontier,True,True,16,16,0,16,success,7,True,0,0,0,0,False,0,0,0,0,0,0,0,0.08149550299998509,0.08149221099999693,67719168,67588096,93,0.0
2303,7,all_of,task_virtual_frontier,True,True,16,16,0,16,success,7,True,0,0,0,0,False,0,0,0,0,0,0,0,0.09056041900001333,0.09055738400000024,67719168,67588096,93,0.0
2303,8,condition_then,structural,True,True,6,6,0,6,success,2,True,0,0,0,0,False,0,0,0,0,0,0,0,0.01504346000001533,0.015040802000001463,67719168,67588096,93,0.0
2303,8,condition_then,frontier_t0,True,True,6,6,0,6,success,2,True,0,0,0,0,False,0,0,0,0,0,0,0,0.014996982000013759,0.014994434999998418,67719168,67588096,93,0.0
2303,8,condition_then,virtual_frontier,True,True,6,6,0,6,success,2,True,0,0,0,0,False,0,0,0,0,0,0,0,0.015165147000004708,0.015162658999997802,67719168,67588096,93,0.0
2303,8,condition_then,task_virtual_frontier,True,True,6,6,0,6,success,2,True,0,0,0,0,False,0,0,0,0,0,0,0,0.015104523999980302,0.015101874999999154,67719168,67588096,93,0.0
2303,9,branch,structural,True,True,11,11,0,11,success,3,True,0,0,0,0,False,0,0,0,0,0,0,0,0.03980008900001053,0.03979729999999648,67719168,67588096,93,0.0
2303,9,branch,frontier_t0,True,True,11,11,0,11,success,3,True,0,0,0,0,False,0,0,0,0,0,0,0,0.039786623999987114,0.039783995999997046,67719168,67588096,93,0.0
2303,9,branch,virtual_frontier,True,True,11,11,0,11,success,3,True,0,0,0,0,False,0,0,0,0,0,0,0,0.04003022899999564,0.04002733899999811,67719168,67588096,93,0.0
2303,9,branch,task_virtual_frontier,True,True,11,11,0,11,success,3,True,0,0,0,0,False,0,0,0,0,0,0,0,0.04004598800000281,0.04004276900000292,67719168,67588096,93,0.0
2303,10,branch,structural,True,True,13,13,0,13,success,3,True,0,0,0,0,False,0,0,0,0,0,0,0,0.04665841700000328,0.04663400700000153,67719168,67588096,93,0.0
2303,10,branch,frontier_t0,True,True,13,13,0,13,success,3,True,0,0,0,0,False,0,0,0,0,0,0,0,0.04653745100000606,0.0465343890000014,67719168,67588096,93,0.0
2303,10,branch,virtual_frontier,True,True,13,13,0,13,success,3,True,0,0,0,0,False,0,0,0,0,0,0,0,0.04721232399998598,0.047196053999996934,67719168,67588096,93,0.0
2303,10,branch,task_virtual_frontier,True,True,13,13,0,13,success,3,True,0,0,0,0,False,0,0,0,0,0,0,0,0.046802928000005295,0.04678790299999491,67719168,67588096,93,0.0
2303,11,branch,structural,True,True,8,8,0,8,success,3,True,0,0,0,0,False,0,0,0,0,0,0,0,0.02884063799999126,0.028837632999994867,67719168,67588096,93,0.0
2303,11,branch,frontier_t0,True,True,8,8,0,8,success,3,True,0,0,0,0,False,0,0,0,0,0,0,0,0.028802548000015804,0.0287904449999985,67719168,67588096,93,0.0
2303,11,branch,virtual_frontier,True,True,8,8,0,8,success,3,True,0,0,0,0,False,0,0,0,0,0,0,0,0.028675359999994043,0.02867264500000033,67719168,67588096,93,0.0
2303,11,branch,task_virtual_frontier,True,True,8,8,0,8,success,3,True,0,0,0,0,False,0,0,0,0,0,0,0,0.02881967900000859,0.02881695499999637,67719168,67588096,93,0.0
2505,0,sequence,structural,False,True,42,42,13,42,success,3,True,13,0,0,0,False,0,0,0,0,0,0,0,0.14270063099999675,0.14267862700000222,67772416,67588096,148,0.0
2505,0,sequence,frontier_t0,False,True,42,42,13,42,success,3,True,13,0,0,0,False,0,0,0,0,0,0,0,0.14396392899999455,0.14395949700000443,67772416,67588096,148,0.0
2505,0,sequence,virtual_frontier,False,True,42,42,13,42,success,3,True,13,13,0,0,False,3,50,4,1,0.00330862900003126,0.0,0,0.15740081100000225,0.157385086000005,67772416,67588096,148,3.8461538461538463
2505,0,sequence,task_virtual_frontier,False,True,42,42,13,42,success,3,True,13,13,0,0,False,3,50,4,1,0.0033326929999475396,0.0,0,0.14672564299999635,0.14672196099999724,67772416,67588096,148,3.8461538461538463
2505,1,all_of,structural,False,True,428,428,407,428,success,7,True,407,0,0,0,False,0,0,0,0,0,0,0,2.2623267069999997,2.2621536909999946,67903488,68022272,247,0.0
2505,1,all_of,frontier_t0,False,True,428,428,407,428,success,7,True,407,0,0,0,False,0,0,0,0,0,0,0,2.352020971999991,2.3518246159999947,67903488,68022272,247,0.0
2505,1,all_of,virtual_frontier,False,True,428,428,407,428,success,7,True,407,407,287,0,False,352,74998,368,944,0.5748250570001119,1.5543122344752192e-15,0,4.887927818999998,4.887549172,68628480,68489216,247,184.27027027027026
2505,1,all_of,task_virtual_frontier,False,True,428,428,407,428,success,7,True,407,407,287,0,False,352,74998,368,944,0.5723361650001095,1.5543122344752192e-15,0,4.869979466000018,4.869536547999999,68628480,68493312,247,184.27027027027026
2505,2,condition_then,structural,False,True,307,307,284,307,success,2,True,284,0,0,0,False,0,0,0,0,0,0,0,0.6451055370000063,0.6450604819999981,68018176,68493312,217,0.0
2505,2,condition_then,frontier_t0,False,True,307,307,284,307,success,2,True,284,0,0,0,False,0,0,0,0,0,0,0,0.6993829120000044,0.6993117450000028,68018176,68493312,217,0.0
2505,2,condition_then,virtual_frontier,False,True,307,307,284,307,success,2,True,284,284,197,0,False,248,24005,134,352,0.20218391799997448,8.881784197001252e-16,0,1.3646646649999923,1.3646069670000003,68243456,68493312,217,84.52464788732394
2505,2,condition_then,task_virtual_frontier,False,True,307,307,284,307,success,2,True,284,284,197,0,False,248,24005,134,352,0.20147996199980867,8.881784197001252e-16,0,1.3639347890000124,1.3638164010000011,68243456,68493312,217,84.52464788732394
2505,3,sequence,structural,False,True,445,445,424,445,success,3,True,424,0,0,0,False,0,0,0,0,0,0,0,1.664206852999996,1.6640816099999967,68243456,68493312,249,0.0
2505,3,sequence,frontier_t0,False,True,466,466,445,466,success,3,True,445,0,0,0,False,0,0,0,0,0,0,0,1.8550049820000254,1.8548710989999933,67960832,68493312,255,0.0
2505,3,sequence,virtual_frontier,False,True,445,445,424,445,success,3,True,424,424,300,0,False,388,58846,276,742,0.46396747099970526,1.3322676295501878e-15,0,3.543768101000012,3.5417503479999937,68976640,69021696,249,138.78773584905662
2505,3,sequence,task_virtual_frontier,False,True,445,445,424,445,success,3,True,424,424,300,0,False,388,58846,276,742,0.46262192699967386,1.3322676295501878e-15,0,3.541573218999986,3.5413761079999944,68968448,69021696,249,138.78773584905662
2505,4,all_of,structural,False,True,291,291,280,291,success,7,True,280,0,0,0,False,0,0,0,0,0,0,0,0.7493325979999952,0.7492195899999956,67985408,69021696,212,0.0
2505,4,all_of,frontier_t0,False,True,334,334,323,334,success,7,True,323,0,0,0,False,0,0,0,0,0,0,0,0.9715409720000139,0.971502264999998,68014080,69021696,224,0.0
2505,4,all_of,virtual_frontier,False,True,291,291,280,291,success,7,True,280,280,196,0,False,257,24205,164,421,0.210563743000165,1.1102230246251565e-15,0,1.6336658809999847,1.633407044000009,68354048,69021696,212,86.44642857142857
2505,4,all_of,task_virtual_frontier,False,True,291,291,280,291,success,7,True,280,280,196,0,False,257,24205,164,421,0.21043342300009726,1.1102230246251565e-15,0,1.6311228380000102,1.6309437160000044,68354048,69021696,212,86.44642857142857
2505,5,condition_then,structural,True,True,12,12,0,12,success,2,True,0,0,0,0,False,0,0,0,0,0,0,0,0.03733231000001069,0.037329235000001404,68354048,69021696,137,0.0
2505,5,condition_then,frontier_t0,True,True,12,12,0,12,success,2,True,0,0,0,0,False,0,0,0,0,0,0,0,0.0371962150000229,0.03718510700001332,68354048,69021696,137,0.0
2505,5,condition_then,virtual_frontier,True,True,12,12,0,12,success,2,True,0,0,0,0,False,0,0,0,0,0,0,0,0.03715235300001041,0.037149460999998496,68354048,69021696,137,0.0
2505,5,condition_then,task_virtual_frontier,True,True,12,12,0,12,success,2,True,0,0,0,0,False,0,0,0,0,0,0,0,0.037226541999984875,0.037223308000008615,68354048,69021696,137,0.0
2505,6,sequence,structural,False,True,477,477,464,477,success,3,True,464,0,0,0,False,0,0,0,0,0,0,0,1.0058471560000157,1.0057350550000024,68460544,69021696,265,0.0
2505,6,sequence,frontier_t0,False,True,477,477,464,477,success,3,True,464,0,0,0,False,0,0,0,0,0,0,0,1.1077320709999867,1.1076924689999998,68460544,69021696,265,0.0
2505,6,sequence,virtual_frontier,False,True,477,477,464,477,success,3,True,464,464,159,0,False,414,40654,188,515,0.3279820510003617,1.1102230246251565e-15,0,2.244522035000017,2.2443489860000057,68841472,69021696,265,87.61637931034483
2505,6,sequence,task_virtual_frontier,False,True,477,477,464,477,success,3,True,464,464,159,0,False,414,40654,188,515,0.3300007509993179,1.1102230246251565e-15,0,2.2517675409999924,2.251579579999998,68861952,69021696,265,87.61637931034483
2505,7,all_of,structural,False,True,256,256,256,256,success,7,True,256,0,0,0,False,0,0,0,0,0,0,0,0.3191620849999879,0.3191183170000045,68861952,69021696,217,0.0
2505,7,all_of,frontier_t0,False,True,256,256,256,256,success,7,True,256,0,0,0,False,0,0,0,0,0,0,0,0.3684648779999975,0.3684229899999991,68861952,69021696,217,0.0
2505,7,all_of,virtual_frontier,False,True,256,256,256,256,success,7,True,256,256,0,0,False,224,14502,94,210,0.1228614450000407,7.771561172376096e-16,0,0.7684544519999861,0.768377593000011,68861952,69021696,217,56.6484375
2505,7,all_of,task_virtual_frontier,False,True,256,256,256,256,success,7,True,256,256,0,0,False,224,14502,94,210,0.12322825699988016,7.771561172376096e-16,0,0.7706462810000119,0.770562788999996,68861952,69021696,217,56.6484375
2505,8,condition_then,structural,False,True,432,432,432,432,success,2,True,432,0,0,0,False,0,0,0,0,0,0,0,0.5752562360000013,0.5752155180000074,68861952,69021696,256,0.0
2505,8,condition_then,frontier_t0,False,True,432,432,432,432,success,2,True,432,0,0,0,False,0,0,0,0,0,0,0,0.6668721140000002,0.666823480000005,68861952,69021696,256,0.0
2505,8,condition_then,virtual_frontier,False,True,432,432,432,432,success,2,True,432,432,0,0,False,386,25940,94,250,0.23477707700041606,8.881784197001252e-16,0,1.405836776000001,1.404862012999999,68943872,69021696,256,60.0462962962963
2505,8,condition_then,task_virtual_frontier,False,True,432,432,432,432,success,2,True,432,432,0,0,False,386,25940,94,250,0.23396939099978908,8.881784197001252e-16,0,1.3925877270000058,1.3924364659999924,68943872,69021696,256,60.0462962962963
2505,9,branch,structural,False,True,16,16,5,16,success,3,True,5,0,0,0,False,0,0,0,0,0,0,0,0.04760587199999122,0.04760319400000412,68947968,69021696,141,0.0
2505,9,branch,frontier_t0,False,True,16,16,5,16,success,3,True,5,0,0,0,False,0,0,0,0,0,0,0,0.04794434499999056,0.04792395399999805,68947968,69021696,141,0.0
2505,9,branch,virtual_frontier,False,True,16,16,5,16,success,3,True,5,5,0,0,False,1,19,4,1,0.00128847000001997,0.0,0,0.04984056099999634,0.049829789000000346,68947968,69021696,141,3.8
2505,9,branch,task_virtual_frontier,False,True,16,16,5,16,success,3,True,5,5,0,0,False,1,19,4,1,0.001335468999997147,0.0,0,0.04995234000000437,0.04994944199999907,68947968,69021696,141,3.8
2505,10,branch,structural,False,True,295,295,286,295,success,3,True,286,0,0,0,False,0,0,0,0,0,0,0,0.38502068799999734,0.38501574000000005,68947968,69021696,218,0.0
2505,10,branch,frontier_t0,False,True,295,295,286,295,success,3,True,286,0,0,0,False,0,0,0,0,0,0,0,0.44094283900000164,0.44089249900000027,68947968,69021696,218,0.0
2505,10,branch,virtual_frontier,False,True,295,295,286,295,success,3,True,286,286,0,0,False,252,15435,85,213,0.1439397050000082,5.551115123125783e-16,0,0.8840033280000057,0.8839128890000012,68947968,69021696,218,53.96853146853147
2505,10,branch,task_virtual_frontier,False,True,295,295,286,295,success,3,True,286,286,0,0,False,252,15435,85,213,0.1435252830000877,5.551115123125783e-16,0,0.8799135989999911,0.8798296920000013,68947968,69021696,218,53.96853146853147
2505,11,branch,structural,False,True,19,19,10,19,success,3,True,10,0,0,0,False,0,0,0,0,0,0,0,0.039651128999992125,0.03963374499998906,68947968,69021696,144,0.0
2505,11,branch,frontier_t0,False,True,19,19,10,19,success,3,True,10,0,0,0,False,0,0,0,0,0,0,0,0.04084400899998286,0.04084075699999801,68947968,69021696,144,0.0
2505,11,branch,virtual_frontier,False,True,19,19,10,19,success,3,True,10,10,0,0,False,5,37,4,1,0.0024650080000014896,0.0,0,0.04453435299998887,0.044531273000004035,68947968,69021696,144,3.7
2505,11,branch,task_virtual_frontier,False,True,19,19,10,19,success,3,True,10,10,0,0,False,5,37,4,1,0.0024403139999833456,0.0,0,0.045028748000021324,0.045009745000001544,68947968,69021696,144,3.7
