seed,policy,wall_seconds,cpu_seconds,field_solve_seconds,process_peak_rss_bytes_so_far
73000000,structural,7.945556198000013,7.944471332,0,66637824
73000000,frontier_t0,0.740834886000016,0.7407288529999982,0,66637824
73000000,virtual_frontier,1.4028284829999933,1.402639416,0.1840941829999707,66637824
73000000,task_virtual_frontier,1.4003061479999772,1.4000730640000005,0.18230408399996634,66637824
73000001,structural,0.7457599939999895,0.7456236589999978,0,66768896
73000001,frontier_t0,0.7308161760000189,0.7306385829999993,0,66768896
73000001,virtual_frontier,0.7473733319999951,0.7471387120000017,0,66768896
73000001,task_virtual_frontier,0.7377293310000042,0.7376394359999985,0,66768896
73000002,structural,0.065044678999989,0.06501349000000012,0,66768896
73000002,frontier_t0,0.06470194299998866,0.06467081099999916,0,66768896
73000002,virtual_frontier,0.06577955300000582,0.06574910299999814,0,66768896
73000002,task_virtual_frontier,0.06583560599998606,0.06580341299999937,0,66768896
73000003,structural,0.5080405750000239,0.5079664159999968,0,66768896
73000003,frontier_t0,0.5073016420000016,0.5071925309999905,0,66768896
73000003,virtual_frontier,0.5147985559999952,0.5147027599999987,0,66768896
73000003,task_virtual_frontier,0.5145648579999929,0.5144633490000103,0,66768896
73000004,structural,1.4981566009999838,1.4979493619999964,0,67551232
73000004,frontier_t0,1.2423723220000227,1.2421829019999961,0,67551232
73000004,virtual_frontier,1.3870663349999788,1.3868951580000015,0.11535351000008376,67551232
73000004,task_virtual_frontier,1.3867813929999926,1.3864957950000054,0.11584545400010171,67551232
73000005,structural,0.6009849089999904,0.6008637770000007,0,63950848
73000005,frontier_t0,0.5781052909999929,0.5779118589999999,0,63950848
73000005,virtual_frontier,0.5707374809999948,0.570595612,0,63950848
73000005,task_virtual_frontier,0.5697401840000182,0.5696446459999999,0,63950848
73000006,structural,2.0953527270000123,2.0948933829999996,0,68829184
73000006,frontier_t0,2.062229151000004,2.061907293999999,0,68829184
73000006,virtual_frontier,2.8154584209999953,2.8146986600000012,0.17075587500000466,68829184
73000006,task_virtual_frontier,2.8216586730000017,2.821070562000002,0.1705087099999858,68829184
73000007,structural,0.9930977309999989,0.9928900899999977,0,68829184
73000007,frontier_t0,1.110078143999992,1.1097062370000028,0,68829184
73000007,virtual_frontier,0.8710316370000086,0.8708262840000014,0.03310532399999033,68829184
73000007,task_virtual_frontier,0.8783956810000006,0.8782609969999999,0.035749572999996815,68829184
73000008,structural,16.51618438600002,16.514285240000003,0,68829184
73000008,frontier_t0,1.707836544000024,1.7075601579999962,0,68829184
73000008,virtual_frontier,3.287744496000002,3.2871874889999972,0.37142252399992515,68829184
73000008,task_virtual_frontier,2.649381061999982,2.649009556000003,0.31145521200019743,68829184
73000009,structural,0.08074403800002017,0.08070837500000749,0,68829184
73000009,frontier_t0,0.08001252499997236,0.07997779899999813,0,68829184
73000009,virtual_frontier,0.07980961799997033,0.07976171700001089,0,68829184
73000009,task_virtual_frontier,0.08050388900002758,0.0804693460000081,0,68829184
73000010,structural,4.3856931519999875,4.385099534999998,0,65753088
73000010,frontier_t0,3.2039309040000035,3.2036951690000004,0,65753088
73000010,virtual_frontier,5.581790563999988,5.581110036000004,0.6448941620002699,65753088
73000010,task_virtual_frontier,5.263206660999998,5.262788761000004,0.6163212470001724,65753088
73000011,structural,19.227525257999986,19.225895123999987,0,67420160
73000011,frontier_t0,2.8486702479999906,2.848440264999983,0,67420160
73000011,virtual_frontier,4.17509224799997,4.174647897999982,0.4928214299994238,67420160
73000011,task_virtual_frontier,4.033809268000027,4.033500853,0.4813447370002848,67420160
73000013,structural,0.22835370600000715,0.22831133100000045,0,67420160
73000013,frontier_t0,0.22729556699999875,0.22723897099999135,0,67420160
73000013,virtual_frontier,0.22758159299996805,0.2275321979999987,0,67420160
73000013,task_virtual_frontier,0.22866036499993925,0.22861767300000224,0,67420160
73000014,structural,0.061000557999932425,0.06096807599999465,0,67420160
73000014,frontier_t0,0.060474013000089144,0.0604421960000181,0,67420160
73000014,virtual_frontier,0.06068049300000666,0.06064839799999078,0,67420160
73000014,task_virtual_frontier,0.06041508900000281,0.06036162099999132,0,67420160
73000015,structural,16.238062179000046,16.23597996099998,0,68964352
73000015,frontier_t0,23.58736911699996,23.584759955000006,0,68964352
73000015,virtual_frontier,35.20624935700001,35.202390297,4.5569795259997505,68964352
73000015,task_virtual_frontier,35.187770509999986,35.18359889500001,4.527522292998867,68964352
73000016,structural,0.12215224400003422,0.12211052300000347,0,68964352
73000016,frontier_t0,0.12226523399999678,0.12223520599998494,0,68964352
73000016,virtual_frontier,0.12200119999997128,0.12196354900001438,0,68964352
73000016,task_virtual_frontier,0.12205757799995354,0.12202761699997211,0,68964352
73000017,structural,9.390185834999983,9.38905308000001,0,68964352
73000017,frontier_t0,5.239631940999999,5.238816308999958,0,68964352
73000017,virtual_frontier,7.437733760999947,7.437082563000004,0.935286514999774,68964352
73000017,task_virtual_frontier,7.4722576430000345,7.471375126999945,0.933198758998941,68964352
73000018,structural,5.819507324000028,5.818053714999991,0,68964352
73000018,frontier_t0,2.5353426940000077,2.535104553000025,0,68964352
73000018,virtual_frontier,5.575139925000002,5.574545299999954,0.6318393790000698,68964352
73000018,task_virtual_frontier,4.6007132559999775,4.598831183000044,0.5813926149997997,68964352
73000019,structural,5.3005607829999235,5.299969113000117,0,68964352
73000019,frontier_t0,0.5440154899999925,0.5439517880000437,0,68964352
73000019,virtual_frontier,1.314456981999939,1.3143409060000408,0.20425779499973373,68964352
73000019,task_virtual_frontier,1.2865191319999951,1.2864209490000178,0.20209309700007339,68964352
73000020,structural,1.193963214,1.1938549450000002,0,66330624
73000020,frontier_t0,0.1547153349999988,0.15463326,0,66330624
73000020,virtual_frontier,0.18516478200000108,0.1851259070000002,0.01109039100003173,66330624
73000020,task_virtual_frontier,0.1837054489999801,0.18365708100000055,0.010995794000024262,66330624
73000021,structural,1.0541586679999853,1.0540004490000006,0,66330624
73000021,frontier_t0,0.21471177500000493,0.21463650699999937,0,66330624
73000021,virtual_frontier,0.2997619309999777,0.29970340299999965,0.024789722000008396,66330624
73000021,task_virtual_frontier,0.30029889699999046,0.3002373880000011,0.024772440999988987,66330624
73000023,structural,0.07909570700000046,0.0790489550000002,0,66330624
73000023,frontier_t0,0.07875554900000026,0.07866496999999928,0,66330624
73000023,virtual_frontier,0.07826094700000397,0.07813950599999853,0,66330624
73000023,task_virtual_frontier,0.078363147999994,0.07832580300000025,0,66330624
73000024,structural,1.5315394689999735,1.5313878259999987,0,67117056
73000024,frontier_t0,1.5685883980000028,1.5681610069999978,0,67117056
73000024,virtual_frontier,2.4203711940000048,2.420149188,0.24330450499997625,67117056
73000024,task_virtual_frontier,2.420296824000026,2.419743236999998,0.24343278999995732,67117056
73000026,structural,15.982227419999987,15.979637251999995,0,66592768
73000026,frontier_t0,1.9931722819999607,1.9930147029999987,0,66592768
73000026,virtual_frontier,4.238292755000003,4.2375127450000045,0.5902641700003812,66592768
73000026,task_virtual_frontier,4.2249976259999755,4.224482582000004,0.5880153820005773,66592768
73000027,structural,6.026853263999982,6.026157363000014,0,67637248
73000027,frontier_t0,9.536648764000063,9.535608795000005,0,67637248
73000027,virtual_frontier,12.486240501999958,12.484422736999992,1.7320130900007484,67637248
73000027,task_virtual_frontier,11.64833625,11.647141613999999,1.6460648810005125,67637248
73000029,structural,12.400209699999976,12.398878902999982,0,67637248
73000029,frontier_t0,5.446300033000057,5.445630474000012,0,67637248
73000029,virtual_frontier,7.672557907999959,7.671712394999986,0.8320169219996103,67637248
73000029,task_virtual_frontier,7.654633046999976,7.653689918000012,0.8319837700002779,67637248
73000030,structural,0.5396109470000852,0.5395297470000004,0,63905792
73000030,frontier_t0,0.5141182430000413,0.5140783400000006,0,63905792
73000030,virtual_frontier,0.5404268990000105,0.5403792940000001,0,63905792
73000030,task_virtual_frontier,0.5197472179999636,0.519728003,0,63905792
73000031,structural,7.221655272000021,7.220975357999995,0,66842624
73000031,frontier_t0,3.383678976999988,3.3834882189999997,0,66842624
73000031,virtual_frontier,5.0514520399999014,5.051151446000002,0.6861515690001738,66842624
73000031,task_virtual_frontier,5.034429136999904,5.034151281999994,0.6828274200008764,66842624
73000032,structural,9.162890772999901,9.162347562000004,0,66842624
73000032,frontier_t0,0.92584977599995,0.9257932349999898,0,66842624
73000032,virtual_frontier,1.559930900999973,1.5598466620000053,0.2223844380001765,66842624
73000032,task_virtual_frontier,1.5680562380001675,1.5680258379999898,0.22181815400006144,66842624
73000033,structural,20.248138167000093,20.246968924999997,0,69967872
73000033,frontier_t0,10.38960147299997,10.388819051000013,0,69967872
73000033,virtual_frontier,22.648395913000115,22.647090877999993,3.4600007049945134,69967872
73000033,task_virtual_frontier,19.991526957000133,19.990303650999998,3.0685145009988446,69967872
73000034,structural,2.0830480389997774,2.082838358999993,0,70754304
73000034,frontier_t0,1.9573217399996565,1.9572006680000271,0,70754304
73000034,virtual_frontier,4.224527185000056,4.224279631999991,0.5704233100007059,70754304
73000034,task_virtual_frontier,3.7681752390000156,3.7679724369999974,0.5207409590004772,70754304
73000035,structural,0.8296162370000388,0.8295434159999998,0,64286720
73000035,frontier_t0,0.9137651430000631,0.913670563000001,0,64286720
73000035,virtual_frontier,1.518616169999973,1.5184272649999992,0.24095750100008217,64286720
73000035,task_virtual_frontier,1.354947167999967,1.3546777360000006,0.2169189439999002,64286720
73000036,structural,0.054095652000029304,0.05406332699999883,0,64286720
73000036,frontier_t0,0.054307019000049195,0.054272520999999685,0,64286720
73000036,virtual_frontier,0.05425226399992766,0.054216781999998354,0,64286720
73000036,task_virtual_frontier,0.05379398700003435,0.05376977100000069,0,64286720
73000037,structural,0.4187053240000296,0.41864416899999934,0,64417792
73000037,frontier_t0,0.6528090570000415,0.6526936050000005,0,64417792
73000037,virtual_frontier,0.47649786500002733,0.4763853020000006,0.012820401000084303,64417792
73000037,task_virtual_frontier,0.47653847699996277,0.47639159399999986,0.012389669000128833,64417792
73000038,structural,2.1333744909999837,2.133057200000003,0,64729088
73000038,frontier_t0,1.3058585399999174,1.3056634150000015,0,64729088
73000038,virtual_frontier,2.296511108000061,2.2961343430000003,0.22620210299984933,64729088
73000038,task_virtual_frontier,2.2326261039999906,2.2323498089999987,0.2244534150003119,64729088
73000039,structural,2.9667319390000557,2.966331164000005,0,66826240
73000039,frontier_t0,0.3788122610000073,0.378725639999999,0,66826240
73000039,virtual_frontier,0.7900557560000436,0.7898861799999963,0.1461704069995733,66826240
73000039,task_virtual_frontier,0.7879245839999669,0.7878649399999986,0.1450897109997129,66826240
73000040,structural,8.895423474000097,8.894122808999999,0,66093056
73000040,frontier_t0,1.345495676999974,1.3452292509999981,0,66093056
73000040,virtual_frontier,1.891588795000132,1.8912368500000034,0.12406673500055376,66093056
73000040,task_virtual_frontier,1.8693933539999534,1.8690991900000031,0.12445867500025543,66093056
73000041,structural,0.5689379489999169,0.5687787300000018,0,66093056
73000041,frontier_t0,0.5680961740000043,0.5679811660000027,0,66093056
73000041,virtual_frontier,0.5781173500000136,0.5779529639999978,0,66093056
73000041,task_virtual_frontier,0.5685476950000066,0.5684810079999973,0,66093056
73000042,structural,0.25967975499992235,0.2596009470000027,0,66093056
73000042,frontier_t0,0.25306984900009866,0.2530133369999952,0,66093056
73000042,virtual_frontier,0.2508647349999933,0.2507934130000038,0,66093056
73000042,task_virtual_frontier,0.2517102950000094,0.2516408420000005,0,66093056
73000043,structural,26.764660417000073,26.76094684100002,0,68321280
73000043,frontier_t0,12.299322294000149,12.297756533000005,0,68321280
73000043,virtual_frontier,26.387103633000095,26.383657872999997,3.285867121000706,68321280
73000043,task_virtual_frontier,24.83016580800006,24.824485756000026,3.1738899419990503,68321280
73000044,structural,2.2230564489997278,2.222709134999974,0,68321280
73000044,frontier_t0,0.5631926220000878,0.5631354419999894,0,68321280
73000044,virtual_frontier,0.8662045200001103,0.8660482749999971,0.05422812800009069,68321280
73000044,task_virtual_frontier,0.8692580179999823,0.8690803679999988,0.05438239300031,68321280
73000045,structural,13.793569786999996,13.791830230999995,0,67469312
73000045,frontier_t0,1.015901917000015,1.015708394999999,0,67469312
73000045,virtual_frontier,1.9989461409999834,1.9987143490000006,0.3294493109999337,67469312
73000045,task_virtual_frontier,2.008797730000012,2.0085962249999922,0.3312598410000547,67469312
73000046,structural,0.05103340899999864,0.05100254699999596,0,67469312
73000046,frontier_t0,0.05032672299996932,0.050295199000007784,0,67469312
73000046,virtual_frontier,0.050562744000018256,0.05052266200000233,0,67469312
73000046,task_virtual_frontier,0.05038033300000677,0.050335362999987865,0,67469312
73000047,structural,4.781886083999993,4.7813508259999935,0,68784128
73000047,frontier_t0,4.567017379000021,4.566521040000005,0,68784128
73000047,virtual_frontier,9.294569711999983,9.29349531099999,1.1942564329997793,68784128
73000047,task_virtual_frontier,8.18337963300003,8.182506873000008,1.0951636730000303,68784128
73000048,structural,0.08769939399999771,0.08766807100001017,0,68784128
73000048,frontier_t0,0.08694066699999325,0.08690736100001573,0,68784128
73000048,virtual_frontier,0.0873268459999963,0.08728601800000746,0,68784128
73000048,task_virtual_frontier,0.08683416700000635,0.08680062999999905,0,68784128
73000049,structural,0.11188700699999288,0.1118118570000064,0,68784128
73000049,frontier_t0,0.11109932700001934,0.11104770799999386,0,68784128
73000049,virtual_frontier,0.11133328300000755,0.11130084199999857,0,68784128
73000049,task_virtual_frontier,0.11166765400004408,0.11162720199998688,0,68784128
73000050,structural,12.009487020999991,12.00599104599999,0,67551232
73000050,frontier_t0,9.634141411000009,9.633063110000004,0,67551232
73000050,virtual_frontier,20.531083736999996,20.528621822,2.2921696999999526,67551232
73000050,task_virtual_frontier,16.753871100999973,16.752029349999994,2.0000002829998706,67551232
73000051,structural,3.2734294979999845,3.2730843350000214,0,67551232
73000051,frontier_t0,3.276138700000004,3.2756255149999944,0,67551232
73000051,virtual_frontier,4.518992279000017,4.518532026999971,0.6130566469998655,67551232
73000051,task_virtual_frontier,4.351696392999983,4.351121223,0.6018752879997038,67551232
73000052,structural,6.813682553000007,6.810534200000006,0,68005888
73000052,frontier_t0,1.5528144940000033,1.5526530309999913,0,68005888
73000052,virtual_frontier,3.4759868960000375,3.4755622940000137,0.6814187190001206,68005888
73000052,task_virtual_frontier,3.4786862440000306,3.4782760559999986,0.6808877080001281,68005888
73000053,structural,0.7078434419999269,0.7077777750000251,0,68268032
73000053,frontier_t0,0.6913818400000196,0.6912856170000055,0,68268032
73000053,virtual_frontier,0.6930706350000264,0.6929914950000153,0,68268032
73000053,task_virtual_frontier,0.6985534390000794,0.6984958930000005,0,68268032
73000054,structural,0.5165841939999609,0.516510724999975,0,68268032
73000054,frontier_t0,0.5098825279999915,0.5098380959999957,0,68268032
73000054,virtual_frontier,0.5088703920000057,0.5087764430000021,0,68268032
73000054,task_virtual_frontier,0.508732550000019,0.5086272059999999,0,68268032
73000055,structural,6.513703776000057,6.513107316000006,0,66859008
73000055,frontier_t0,3.2082284999999047,3.207549655999999,0,66859008
73000055,virtual_frontier,6.158401915000013,6.157771329999997,0.6653159140031448,66859008
73000055,task_virtual_frontier,4.984133589000294,4.983421862000008,0.5790490919994227,66859008
73000056,structural,27.648762207000004,27.64445367000001,0,68464640
73000056,frontier_t0,20.307136522999826,20.30270013200004,0,69120000
73000056,virtual_frontier,35.38670372999991,35.382807335999985,5.059219167005608,69120000
73000056,task_virtual_frontier,33.59887353499994,33.59379056099999,4.840251677004744,69120000
73000057,structural,0.44342975099993964,0.4433764529999564,0,69120000
73000057,frontier_t0,0.43668631600019125,0.43659972299994365,0,69120000
73000057,virtual_frontier,0.4374092550002615,0.43734451600005286,0,69120000
73000057,task_virtual_frontier,0.4363432360000843,0.4362697800000035,0,69120000
73000058,structural,21.812092796,21.80863471400002,0,69251072
73000058,frontier_t0,6.627254996999909,6.626670497000077,0,69251072
73000058,virtual_frontier,10.97760782200021,10.97669534100001,1.4448556020016667,69251072
73000058,task_virtual_frontier,10.963746869999909,10.962959665999932,1.4441267910004854,69251072
73000059,structural,0.07461119100014457,0.07458048199995915,0,69251072
73000059,frontier_t0,0.07387611999990895,0.07383425600002624,0,69251072
73000059,virtual_frontier,0.07305012999984228,0.07300687100001824,0,69251072
73000059,task_virtual_frontier,0.07482954099975814,0.07479928100005395,0,69251072
73000060,structural,8.01491575999998,8.014171716999993,0,74600448
73000060,frontier_t0,8.43424551000004,8.433533367,0,74600448
73000060,virtual_frontier,14.853540779999946,14.852112442,1.4108369119990414,74600448
73000060,task_virtual_frontier,14.857571097000033,14.85624546399998,1.410050195999446,74600448
73000061,structural,0.07897135600001093,0.07893318999999366,0,74600448
73000061,frontier_t0,0.07826641400009748,0.0782255840000019,0,74600448
73000061,virtual_frontier,0.07846993200007546,0.0784244079999894,0,74600448
73000061,task_virtual_frontier,0.07916132400009701,0.07912945599997556,0,74600448
73000062,structural,0.18160367999990967,0.18157021699999376,0,74600448
73000062,frontier_t0,0.19069293399996923,0.19063077200000578,0,74600448
73000062,virtual_frontier,0.1808884540000122,0.18082250599999838,0,74600448
73000062,task_virtual_frontier,0.18155882100012377,0.1815160390000088,0,74600448
73000063,structural,0.09972832599999037,0.09965801799999241,0,74600448
73000063,frontier_t0,0.09922759500005895,0.09919554099998606,0,74600448
73000063,virtual_frontier,0.0993001620001337,0.09925802800000127,0,74600448
73000063,task_virtual_frontier,0.1005605619999983,0.10051746400001349,0,74600448
73000064,structural,8.844209379999995,8.843082000999999,0,74600448
73000064,frontier_t0,1.7615200820001178,1.7612082940000278,0,74600448
73000064,virtual_frontier,2.51225330099993,2.511841621000009,0.36400244300011764,74600448
73000064,task_virtual_frontier,2.3613284080000767,2.3610295340000036,0.3552244940008791,74600448
73000065,structural,16.35472652999988,16.352665283000004,0,67403776
73000065,frontier_t0,4.672917347999999,4.672427119,0,67403776
73000065,virtual_frontier,6.8192327510000155,6.818388063999998,0.8962439690012047,67403776
73000065,task_virtual_frontier,6.721265045000166,6.720375230999998,0.9007125449993509,67403776
73000066,structural,0.5932206410000731,0.5931592079999959,0,67534848
73000066,frontier_t0,0.6263369220001209,0.6261900570000023,0,67534848
73000066,virtual_frontier,1.960108110999954,1.9598685839999987,0.15691853700030833,67534848
73000066,task_virtual_frontier,1.9595486839999126,1.959289776999988,0.15727060300019957,67534848
73000067,structural,5.4086845510000785,5.407975428000007,0,67928064
73000067,frontier_t0,1.0475920050000127,1.0474486700000014,0,67928064
73000067,virtual_frontier,1.244710894999855,1.2445285640000137,0.11427577300031544,67928064
73000067,task_virtual_frontier,1.2288651380001738,1.2287357989999919,0.1125639089999595,67928064
73000068,structural,2.443237436000061,2.4428808399999937,0,68952064
73000068,frontier_t0,2.8119764910001095,2.811625558999978,0,68952064
73000068,virtual_frontier,5.161399666999955,5.160750786999984,0.6651786140001263,68952064
73000068,task_virtual_frontier,5.036070147000089,5.03548841500001,0.6448199520013986,68952064
