seed,tasks,exploration_decisions,task_signal_available_decisions,field_changed_decisions,virtual_nodes_total,field_solve_seconds,constant_source_roundoff_corrections,source_variation_fraction,changed_fraction_all,changed_fraction_given_signal,tasks_with_changes,world_has_changes,virtual_nodes_max,virtual_nodes_mean,max_field_residual
73000000,12,527,185,1,26209,0.18230408399996634,0,0.3510436432637571,0.0018975332068311196,0.005405405405405406,1,True,156,49.732447817836814,6.661338147750939e-16
73000001,12,0,0,0,0,0,0,,,,0,False,0,,0
73000002,12,0,0,0,0,0,0,,,,0,False,0,,0
73000003,12,0,0,0,0,0,0,,,,0,False,0,,0
73000004,12,241,0,0,13566,0.11584545400010171,0,0.0,0.0,,0,False,80,56.29045643153527,6.661338147750939e-16
73000005,12,0,0,0,0,0,0,,,,0,False,0,,0
73000006,12,119,44,0,160019,0.1705087099999858,0,0.3697478991596639,0.0,0.0,0,False,2950,1344.6974789915967,1.3322676295501878e-15
73000007,12,72,22,1,13091,0.035749572999996815,0,0.3055555555555556,0.013888888888888888,0.045454545454545456,1,True,420,181.81944444444446,1.1102230246251565e-15
73000008,12,668,258,2,87051,0.31145521200019743,0,0.38622754491017963,0.0029940119760479044,0.007751937984496124,2,True,448,130.31586826347305,6.661338147750939e-16
73000009,12,0,0,0,0,0,0,,,,0,False,0,,0
73000010,12,1130,412,4,307612,0.6163212470001724,0,0.36460176991150445,0.0035398230088495575,0.009708737864077669,4,True,886,272.2230088495575,8.881784197001252e-16
73000011,12,964,297,6,98660,0.4813447370002848,0,0.30809128630705396,0.006224066390041493,0.020202020202020204,3,True,360,102.34439834024896,1.1102230246251565e-15
73000013,12,0,0,0,0,0,0,,,,0,False,0,,0
73000014,12,0,0,0,0,0,0,,,,0,False,0,,0
73000015,12,6113,1407,1,2727325,4.527522292998867,0,0.23016522165876002,0.0001635858007524947,0.0007107320540156361,1,True,1208,446.15164403729756,1.7763568394002505e-15
73000016,12,0,0,0,0,0,0,,,,0,False,0,,0
73000017,12,1840,385,5,243795,0.933198758998941,0,0.20923913043478262,0.002717391304347826,0.012987012987012988,2,True,492,132.49728260869566,1.5543122344752192e-15
73000018,12,1376,562,4,183818,0.5813926149997997,0,0.40843023255813954,0.0029069767441860465,0.0071174377224199285,3,True,432,133.58866279069767,1.1102230246251565e-15
73000019,12,597,342,3,41013,0.20209309700007339,0,0.5728643216080402,0.005025125628140704,0.008771929824561403,1,True,194,68.69849246231156,8.881784197001252e-16
73000020,12,48,0,0,120,0.010995794000024262,0,0.0,0.0,,0,False,4,2.5,2.220446049250313e-16
73000021,12,94,38,0,3359,0.024772440999988987,0,0.40425531914893614,0.0,0.0,0,False,170,35.734042553191486,6.661338147750939e-16
73000023,12,0,0,0,0,0,0,,,,0,False,0,,0
73000024,12,463,139,0,34328,0.24343278999995732,0,0.3002159827213823,0.0,0.0,0,False,166,74.1425485961123,8.881784197001252e-16
73000026,12,1680,611,0,93460,0.5880153820005773,0,0.3636904761904762,0.0,0.0,0,False,192,55.63095238095238,6.661338147750939e-16
73000027,12,2724,663,4,587777,1.6460648810005125,0,0.2433920704845815,0.0014684287812041115,0.006033182503770739,2,True,661,215.77716593245228,1.1102230246251565e-15
73000029,12,1904,334,0,174156,0.8319837700002779,0,0.17542016806722688,0.0,0.0,0,False,364,91.46848739495799,8.881784197001252e-16
73000030,12,0,0,0,0,0,0,,,,0,False,0,,0
73000031,12,2031,374,0,182561,0.6828274200008764,0,0.1841457410142787,0.0,0.0,0,False,504,89.88724766125061,1.3322676295501878e-15
73000032,12,747,428,0,36928,0.22181815400006144,0,0.5729585006693441,0.0,0.0,0,False,132,49.43507362784471,4.440892098500626e-16
73000033,12,4437,1077,9,3348601,3.0685145009988446,0,0.2427315753887762,0.002028397565922921,0.008356545961002786,7,True,2488,754.6993464052288,1.5543122344752192e-15
73000034,12,996,477,2,484160,0.5207409590004772,0,0.4789156626506024,0.002008032128514056,0.0041928721174004195,2,True,1462,486.1044176706827,1.1102230246251565e-15
73000035,12,815,186,4,118344,0.2169189439999002,0,0.2282208588957055,0.0049079754601227,0.021505376344086023,3,True,528,145.20736196319018,8.881784197001252e-16
73000036,12,0,0,0,0,0,0,,,,0,False,0,,0
73000037,12,34,19,0,12145,0.012389669000128833,0,0.5588235294117647,0.0,0.0,0,False,656,357.20588235294116,4.440892098500626e-16
73000038,12,580,521,1,114740,0.2244534150003119,0,0.8982758620689655,0.0017241379310344827,0.0019193857965451055,1,True,368,197.82758620689654,1.1102230246251565e-15
73000039,12,847,76,0,21002,0.1450897109997129,0,0.089728453364817,0.0,0.0,0,False,91,24.795749704840613,4.440892098500626e-16
73000040,12,188,167,0,15193,0.12445867500025543,0,0.8882978723404256,0.0,0.0,0,False,136,80.81382978723404,6.661338147750939e-16
73000041,12,0,0,0,0,0,0,,,,0,False,0,,0
73000042,12,0,0,0,0,0,0,,,,0,False,0,,0
73000043,12,6193,628,8,1264155,3.1738899419990503,0,0.10140481188438559,0.0012917810431131924,0.012738853503184714,5,True,713,204.1264330695947,1.1102230246251565e-15
73000044,12,94,86,0,26431,0.05438239300031,0,0.9148936170212766,0.0,0.0,0,False,354,281.1808510638298,1.1102230246251565e-15
73000045,12,1008,94,0,24535,0.3312598410000547,0,0.09325396825396826,0.0,0.0,0,False,62,24.34027777777778,4.440892098500626e-16
73000046,12,0,0,0,0,0,0,,,,0,False,0,,0
73000047,12,1705,299,1,190030,1.0951636730000303,0,0.175366568914956,0.0005865102639296188,0.0033444816053511705,1,True,452,111.45454545454545,1.1102230246251565e-15
73000048,12,0,0,0,0,0,0,,,,0,False,0,,0
73000049,12,0,0,0,0,0,0,,,,0,False,0,,0
73000050,12,2886,1128,6,989596,2.0000002829998706,0,0.3908523908523909,0.002079002079002079,0.005319148936170213,2,True,1212,342.8953568953569,1.5543122344752192e-15
73000051,12,1411,89,2,116787,0.6018752879997038,0,0.06307583274273565,0.001417434443656981,0.02247191011235955,2,True,318,82.76895818568391,1.3322676295501878e-15
73000052,12,2350,50,1,84802,0.6808877080001281,0,0.02127659574468085,0.000425531914893617,0.02,1,True,198,36.08595744680851,8.881784197001252e-16
73000053,12,0,0,0,0,0,0,,,,0,False,0,,0
73000054,12,0,0,0,0,0,0,,,,0,False,0,,0
73000055,12,1241,759,7,160967,0.5790490919994227,0,0.6116035455278002,0.0056406124093473006,0.00922266139657444,4,True,553,129.7074939564867,6.661338147750939e-16
73000056,12,8395,834,11,2637303,4.840251677004744,0,0.09934484812388326,0.0013103037522334722,0.013189448441247002,8,True,720,314.15163787969027,1.5543122344752192e-15
73000057,12,0,0,0,0,0,0,,,,0,False,0,,0
73000058,12,2794,649,2,624885,1.4441267910004854,0,0.23228346456692914,0.0007158196134574087,0.0030816640986132513,2,True,530,223.65246957766644,1.3322676295501878e-15
73000059,12,0,0,0,0,0,0,,,,0,False,0,,0
73000060,12,6380,1042,1,567905,1.410050195999446,0,0.1633228840125392,0.00015673981191222572,0.0009596928982725527,1,True,578,89.01332288401254,1.3322676295501878e-15
73000061,12,0,0,0,0,0,0,,,,0,False,0,,0
73000062,12,0,0,0,0,0,0,,,,0,False,0,,0
73000063,12,0,0,0,0,0,0,,,,0,False,0,,0
73000064,12,949,191,1,198729,0.3552244940008791,0,0.20126448893572182,0.001053740779768177,0.005235602094240838,1,True,932,209.40885142255004,1.3322676295501878e-15
73000065,12,2326,484,2,537017,0.9007125449993509,0,0.20808254514187446,0.0008598452278589854,0.004132231404958678,2,True,910,230.87575236457437,1.5543122344752192e-15
73000066,12,270,244,0,107602,0.15727060300019957,0,0.9037037037037037,0.0,0.0,0,False,664,398.52592592592595,1.1102230246251565e-15
73000067,12,286,215,1,123452,0.1125639089999595,0,0.7517482517482518,0.0034965034965034965,0.004651162790697674,1,True,862,431.65034965034965,1.1102230246251565e-15
73000068,12,2150,150,1,425220,0.6448199520013986,0,0.06976744186046512,0.00046511627906976747,0.006666666666666667,1,True,1255,197.7767441860465,1.1102230246251565e-15
