seed,task_id,task_type,structural_capped,frontier_t0_capped,virtual_frontier_capped,task_virtual_frontier_capped,structural_success,frontier_t0_success,virtual_frontier_success,task_virtual_frontier_success,D_task,G_task,success_task_minus_generic,success_generic_minus_frontier
73000000,0,sequence,36,36,36,36,True,True,True,True,0,0,0,0
73000000,1,all_of,147,112,113,113,True,True,True,True,0,1,0,0
73000000,2,condition_then,25,25,25,25,True,True,True,True,0,0,0,0
73000000,3,sequence,11,11,11,11,True,True,True,True,0,0,0,0
73000000,4,all_of,1102,76,74,74,True,True,True,True,0,-2,0,0
73000000,5,condition_then,4,4,4,3,True,True,True,True,-1,0,0,0
73000000,6,sequence,39,22,24,24,True,True,True,True,0,2,0,0
73000000,7,all_of,29,14,14,14,True,True,True,True,0,0,0,0
73000000,8,condition_then,4096,157,157,157,False,True,True,True,0,0,0,0
73000000,9,branch,4096,118,121,121,False,True,True,True,0,3,0,0
73000000,10,branch,10,10,10,10,True,True,True,True,0,0,0,0
73000000,11,branch,4096,61,53,53,False,True,True,True,0,-8,0,0
73000001,0,sequence,18,18,18,18,True,True,True,True,0,0,0,0
73000001,1,all_of,14,14,14,14,True,True,True,True,0,0,0,0
73000001,2,condition_then,7,7,7,7,True,True,True,True,0,0,0,0
73000001,3,sequence,20,20,20,20,True,True,True,True,0,0,0,0
73000001,4,all_of,15,15,15,15,True,True,True,True,0,0,0,0
73000001,5,condition_then,8,8,8,8,True,True,True,True,0,0,0,0
73000001,6,sequence,22,22,22,22,True,True,True,True,0,0,0,0
73000001,7,all_of,18,18,18,18,True,True,True,True,0,0,0,0
73000001,8,condition_then,12,12,12,12,True,True,True,True,0,0,0,0
73000001,9,branch,8,8,8,8,True,True,True,True,0,0,0,0
73000001,10,branch,8,8,8,8,True,True,True,True,0,0,0,0
73000001,11,branch,9,9,9,9,True,True,True,True,0,0,0,0
73000002,0,sequence,14,14,14,14,True,True,True,True,0,0,0,0
73000002,1,all_of,11,11,11,11,True,True,True,True,0,0,0,0
73000002,2,condition_then,6,6,6,6,True,True,True,True,0,0,0,0
73000002,3,sequence,12,12,12,12,True,True,True,True,0,0,0,0
73000002,4,all_of,11,11,11,11,True,True,True,True,0,0,0,0
73000002,5,condition_then,8,8,8,8,True,True,True,True,0,0,0,0
73000002,6,sequence,12,12,12,12,True,True,True,True,0,0,0,0
73000002,7,all_of,5,5,5,5,True,True,True,True,0,0,0,0
73000002,8,condition_then,7,7,7,7,True,True,True,True,0,0,0,0
73000002,9,branch,12,12,12,12,True,True,True,True,0,0,0,0
73000002,10,branch,11,11,11,11,True,True,True,True,0,0,0,0
73000002,11,branch,11,11,11,11,True,True,True,True,0,0,0,0
73000003,0,sequence,29,29,29,29,True,True,True,True,0,0,0,0
73000003,1,all_of,14,14,14,14,True,True,True,True,0,0,0,0
73000003,2,condition_then,13,13,13,13,True,True,True,True,0,0,0,0
73000003,3,sequence,14,14,14,14,True,True,True,True,0,0,0,0
73000003,4,all_of,11,11,11,11,True,True,True,True,0,0,0,0
73000003,5,condition_then,6,6,6,6,True,True,True,True,0,0,0,0
73000003,6,sequence,15,15,15,15,True,True,True,True,0,0,0,0
73000003,7,all_of,11,11,11,11,True,True,True,True,0,0,0,0
73000003,8,condition_then,8,8,8,8,True,True,True,True,0,0,0,0
73000003,9,branch,8,8,8,8,True,True,True,True,0,0,0,0
73000003,10,branch,9,9,9,9,True,True,True,True,0,0,0,0
73000003,11,branch,9,9,9,9,True,True,True,True,0,0,0,0
73000004,0,sequence,252,170,105,105,True,True,True,True,0,-65,0,0
73000004,1,all_of,238,159,102,102,True,True,True,True,0,-57,0,0
73000004,2,condition_then,127,61,39,39,True,True,True,True,0,-22,0,0
73000004,3,sequence,18,18,18,18,True,True,True,True,0,0,0,0
73000004,4,all_of,15,15,15,15,True,True,True,True,0,0,0,0
73000004,5,condition_then,10,10,10,10,True,True,True,True,0,0,0,0
73000004,6,sequence,25,25,25,25,True,True,True,True,0,0,0,0
73000004,7,all_of,18,18,18,18,True,True,True,True,0,0,0,0
73000004,8,condition_then,11,11,11,11,True,True,True,True,0,0,0,0
73000004,9,branch,15,15,15,15,True,True,True,True,0,0,0,0
73000004,10,branch,11,11,11,11,True,True,True,True,0,0,0,0
73000004,11,branch,9,9,9,9,True,True,True,True,0,0,0,0
73000005,0,sequence,19,19,19,19,True,True,True,True,0,0,0,0
73000005,1,all_of,20,20,20,20,True,True,True,True,0,0,0,0
73000005,2,condition_then,10,10,10,10,True,True,True,True,0,0,0,0
73000005,3,sequence,16,16,16,16,True,True,True,True,0,0,0,0
73000005,4,all_of,10,10,10,10,True,True,True,True,0,0,0,0
73000005,5,condition_then,6,6,6,6,True,True,True,True,0,0,0,0
73000005,6,sequence,18,18,18,18,True,True,True,True,0,0,0,0
73000005,7,all_of,16,16,16,16,True,True,True,True,0,0,0,0
73000005,8,condition_then,6,6,6,6,True,True,True,True,0,0,0,0
73000005,9,branch,7,7,7,7,True,True,True,True,0,0,0,0
73000005,10,branch,10,10,10,10,True,True,True,True,0,0,0,0
73000005,11,branch,7,7,7,7,True,True,True,True,0,0,0,0
73000006,0,sequence,32,32,32,32,True,True,True,True,0,0,0,0
73000006,1,all_of,34,34,34,34,True,True,True,True,0,0,0,0
73000006,2,condition_then,16,16,16,16,True,True,True,True,0,0,0,0
73000006,3,sequence,34,34,34,34,True,True,True,True,0,0,0,0
73000006,4,all_of,30,30,30,30,True,True,True,True,0,0,0,0
73000006,5,condition_then,19,19,19,19,True,True,True,True,0,0,0,0
73000006,6,sequence,81,81,81,81,True,True,True,True,0,0,0,0
73000006,7,all_of,77,77,77,77,True,True,True,True,0,0,0,0
73000006,8,condition_then,16,16,16,16,True,True,True,True,0,0,0,0
73000006,9,branch,17,17,17,17,True,True,True,True,0,0,0,0
73000006,10,branch,15,15,15,15,True,True,True,True,0,0,0,0
73000006,11,branch,15,15,15,15,True,True,True,True,0,0,0,0
73000007,0,sequence,16,16,16,16,True,True,True,True,0,0,0,0
73000007,1,all_of,20,20,20,20,True,True,True,True,0,0,0,0
73000007,2,condition_then,10,10,10,10,True,True,True,True,0,0,0,0
73000007,3,sequence,16,16,16,16,True,True,True,True,0,0,0,0
73000007,4,all_of,14,14,14,14,True,True,True,True,0,0,0,0
73000007,5,condition_then,53,52,46,52,True,True,True,True,6,-6,0,0
73000007,6,sequence,162,144,39,39,True,True,True,True,0,-105,0,0
73000007,7,all_of,12,12,12,12,True,True,True,True,0,0,0,0
73000007,8,condition_then,9,9,9,9,True,True,True,True,0,0,0,0
73000007,9,branch,10,10,10,10,True,True,True,True,0,0,0,0
73000007,10,branch,8,8,8,8,True,True,True,True,0,0,0,0
73000007,11,branch,10,10,10,10,True,True,True,True,0,0,0,0
73000008,0,sequence,23,23,23,23,True,True,True,True,0,0,0,0
73000008,1,all_of,17,17,17,17,True,True,True,True,0,0,0,0
73000008,2,condition_then,12,12,12,12,True,True,True,True,0,0,0,0
73000008,3,sequence,3856,205,230,230,True,True,True,True,0,25,0,0
73000008,4,all_of,3852,195,220,220,True,True,True,True,0,25,0,0
73000008,5,condition_then,8,8,8,8,True,True,True,True,0,0,0,0
73000008,6,sequence,3154,123,75,75,True,True,True,True,0,-48,0,0
73000008,7,all_of,3145,269,242,180,True,True,True,True,-62,-27,0,0
73000008,8,condition_then,9,9,9,9,True,True,True,True,0,0,0,0
73000008,9,branch,7,7,7,7,True,True,True,True,0,0,0,0
73000008,10,branch,10,10,10,10,True,True,True,True,0,0,0,0
73000008,11,branch,6,6,6,6,True,True,True,True,0,0,0,0
73000009,0,sequence,13,13,13,13,True,True,True,True,0,0,0,0
73000009,1,all_of,11,11,11,11,True,True,True,True,0,0,0,0
73000009,2,condition_then,9,9,9,9,True,True,True,True,0,0,0,0
73000009,3,sequence,12,12,12,12,True,True,True,True,0,0,0,0
73000009,4,all_of,15,15,15,15,True,True,True,True,0,0,0,0
73000009,5,condition_then,12,12,12,12,True,True,True,True,0,0,0,0
73000009,6,sequence,14,14,14,14,True,True,True,True,0,0,0,0
73000009,7,all_of,8,8,8,8,True,True,True,True,0,0,0,0
73000009,8,condition_then,8,8,8,8,True,True,True,True,0,0,0,0
73000009,9,branch,8,8,8,8,True,True,True,True,0,0,0,0
73000009,10,branch,7,7,7,7,True,True,True,True,0,0,0,0
73000009,11,branch,17,17,17,17,True,True,True,True,0,0,0,0
73000010,0,sequence,344,352,173,143,True,True,True,True,-30,-179,0,0
73000010,1,all_of,336,344,175,145,True,True,True,True,-30,-169,0,0
73000010,2,condition_then,441,324,221,245,True,True,True,True,24,-103,0,0
73000010,3,sequence,19,19,19,19,True,True,True,True,0,0,0,0
73000010,4,all_of,1643,529,612,611,True,True,True,True,-1,83,0,0
73000010,5,condition_then,12,12,12,12,True,True,True,True,0,0,0,0
73000010,6,sequence,18,18,18,18,True,True,True,True,0,0,0,0
73000010,7,all_of,13,13,13,13,True,True,True,True,0,0,0,0
73000010,8,condition_then,10,10,10,10,True,True,True,True,0,0,0,0
73000010,9,branch,10,10,10,10,True,True,True,True,0,0,0,0
73000010,10,branch,11,11,11,11,True,True,True,True,0,0,0,0
73000010,11,branch,8,8,8,8,True,True,True,True,0,0,0,0
73000011,0,sequence,1374,220,189,189,True,True,True,True,0,-31,0,0
73000011,1,all_of,1369,210,174,174,True,True,True,True,0,-36,0,0
73000011,2,condition_then,8,8,8,8,True,True,True,True,0,0,0,0
73000011,3,sequence,4096,354,222,222,False,True,True,True,0,-132,0,0
73000011,4,all_of,4096,339,207,203,False,True,True,True,-4,-132,0,0
73000011,5,condition_then,17,17,17,17,True,True,True,True,0,0,0,0
73000011,6,sequence,18,18,18,18,True,True,True,True,0,0,0,0
73000011,7,all_of,13,13,13,13,True,True,True,True,0,0,0,0
73000011,8,condition_then,4096,328,209,199,False,True,True,True,-10,-119,0,0
73000011,9,branch,13,13,13,13,True,True,True,True,0,0,0,0
73000011,10,branch,9,9,9,9,True,True,True,True,0,0,0,0
73000011,11,branch,6,6,6,6,True,True,True,True,0,0,0,0
73000013,0,sequence,19,19,19,19,True,True,True,True,0,0,0,0
73000013,1,all_of,16,16,16,16,True,True,True,True,0,0,0,0
73000013,2,condition_then,7,7,7,7,True,True,True,True,0,0,0,0
73000013,3,sequence,15,15,15,15,True,True,True,True,0,0,0,0
73000013,4,all_of,11,11,11,11,True,True,True,True,0,0,0,0
73000013,5,condition_then,9,9,9,9,True,True,True,True,0,0,0,0
73000013,6,sequence,15,15,15,15,True,True,True,True,0,0,0,0
73000013,7,all_of,11,11,11,11,True,True,True,True,0,0,0,0
73000013,8,condition_then,12,12,12,12,True,True,True,True,0,0,0,0
73000013,9,branch,6,6,6,6,True,True,True,True,0,0,0,0
73000013,10,branch,11,11,11,11,True,True,True,True,0,0,0,0
73000013,11,branch,6,6,6,6,True,True,True,True,0,0,0,0
73000014,0,sequence,12,12,12,12,True,True,True,True,0,0,0,0
73000014,1,all_of,8,8,8,8,True,True,True,True,0,0,0,0
73000014,2,condition_then,8,8,8,8,True,True,True,True,0,0,0,0
73000014,3,sequence,15,15,15,15,True,True,True,True,0,0,0,0
73000014,4,all_of,9,9,9,9,True,True,True,True,0,0,0,0
73000014,5,condition_then,5,5,5,5,True,True,True,True,0,0,0,0
73000014,6,sequence,11,11,11,11,True,True,True,True,0,0,0,0
73000014,7,all_of,8,8,8,8,True,True,True,True,0,0,0,0
73000014,8,condition_then,8,8,8,8,True,True,True,True,0,0,0,0
73000014,9,branch,8,8,8,8,True,True,True,True,0,0,0,0
73000014,10,branch,9,9,9,9,True,True,True,True,0,0,0,0
73000014,11,branch,7,7,7,7,True,True,True,True,0,0,0,0
73000015,0,sequence,418,574,431,431,True,True,True,True,0,-143,0,0
73000015,1,all_of,406,562,419,418,True,True,True,True,-1,-143,0,0
73000015,2,condition_then,268,268,268,268,True,True,True,True,0,0,0,0
73000015,3,sequence,386,512,386,386,True,True,True,True,0,-126,0,0
73000015,4,all_of,378,518,378,378,True,True,True,True,0,-140,0,0
73000015,5,condition_then,489,624,489,489,True,True,True,True,0,-135,0,0
73000015,6,sequence,1369,1699,1110,1110,True,True,True,True,0,-589,0,0
73000015,7,all_of,1350,1681,1106,1106,True,True,True,True,0,-575,0,0
73000015,8,condition_then,658,870,658,658,True,True,True,True,0,-212,0,0
73000015,9,branch,578,618,478,478,True,True,True,True,0,-140,0,0
73000015,10,branch,26,26,26,26,True,True,True,True,0,0,0,0
73000015,11,branch,511,667,439,439,True,True,True,True,0,-228,0,0
73000016,0,sequence,17,17,17,17,True,True,True,True,0,0,0,0
73000016,1,all_of,17,17,17,17,True,True,True,True,0,0,0,0
73000016,2,condition_then,7,7,7,7,True,True,True,True,0,0,0,0
73000016,3,sequence,12,12,12,12,True,True,True,True,0,0,0,0
73000016,4,all_of,8,8,8,8,True,True,True,True,0,0,0,0
73000016,5,condition_then,5,5,5,5,True,True,True,True,0,0,0,0
73000016,6,sequence,21,21,21,21,True,True,True,True,0,0,0,0
73000016,7,all_of,13,13,13,13,True,True,True,True,0,0,0,0
73000016,8,condition_then,6,6,6,6,True,True,True,True,0,0,0,0
73000016,9,branch,10,10,10,10,True,True,True,True,0,0,0,0
73000016,10,branch,13,13,13,13,True,True,True,True,0,0,0,0
73000016,11,branch,6,6,6,6,True,True,True,True,0,0,0,0
73000017,0,sequence,525,187,155,155,True,True,True,True,0,-32,0,0
73000017,1,all_of,352,167,151,129,True,True,True,True,-22,-16,0,0
73000017,2,condition_then,18,18,18,18,True,True,True,True,0,0,0,0
73000017,3,sequence,1301,376,220,220,True,True,True,True,0,-156,0,0
73000017,4,all_of,1569,372,411,411,True,True,True,True,0,39,0,0
73000017,5,condition_then,891,327,204,204,True,True,True,True,0,-123,0,0
73000017,6,sequence,1844,607,373,373,True,True,True,True,0,-234,0,0
73000017,7,all_of,1826,594,360,364,True,True,True,True,4,-234,0,0
73000017,8,condition_then,224,230,19,19,True,True,True,True,0,-211,0,0
73000017,9,branch,13,13,13,13,True,True,True,True,0,0,0,0
73000017,10,branch,8,8,8,8,True,True,True,True,0,0,0,0
73000017,11,branch,10,10,10,10,True,True,True,True,0,0,0,0
73000018,0,sequence,16,16,16,16,True,True,True,True,0,0,0,0
73000018,1,all_of,631,113,181,181,True,True,True,True,0,68,0,0
73000018,2,condition_then,411,69,71,71,True,True,True,True,0,2,0,0
73000018,3,sequence,1711,164,200,201,True,True,True,True,1,36,0,0
73000018,4,all_of,701,58,56,56,True,True,True,True,0,-2,0,0
73000018,5,condition_then,3,3,3,3,True,True,True,True,0,0,0,0
73000018,6,sequence,1372,367,383,367,True,True,True,True,-16,16,0,0
73000018,7,all_of,1361,346,362,356,True,True,True,True,-6,16,0,0
73000018,8,condition_then,11,11,11,11,True,True,True,True,0,0,0,0
73000018,9,branch,7,7,7,7,True,True,True,True,0,0,0,0
73000018,10,branch,9,9,9,9,True,True,True,True,0,0,0,0
73000018,11,branch,775,316,162,162,True,True,True,True,0,-154,0,0
73000019,0,sequence,2861,97,103,103,True,True,True,True,0,6,0,0
73000019,1,all_of,2847,83,96,96,True,True,True,True,0,13,0,0
73000019,2,condition_then,2856,92,98,98,True,True,True,True,0,6,0,0
73000019,3,sequence,2992,93,99,99,True,True,True,True,0,6,0,0
73000019,4,all_of,2992,89,95,95,True,True,True,True,0,6,0,0
73000019,5,condition_then,5,5,5,5,True,True,True,True,0,0,0,0
73000019,6,sequence,20,20,20,20,True,True,True,True,0,0,0,0
73000019,7,all_of,1970,130,117,117,True,True,True,True,0,-13,0,0
73000019,8,condition_then,12,12,12,12,True,True,True,True,0,0,0,0
73000019,9,branch,7,7,7,7,True,True,True,True,0,0,0,0
73000019,10,branch,223,21,21,21,True,True,True,True,0,0,0,0
73000019,11,branch,8,8,8,8,True,True,True,True,0,0,0,0
73000020,0,sequence,16,16,16,16,True,True,True,True,0,0,0,0
73000020,1,all_of,12,12,12,12,True,True,True,True,0,0,0,0
73000020,2,condition_then,8,8,8,8,True,True,True,True,0,0,0,0
73000020,3,sequence,16,16,16,16,True,True,True,True,0,0,0,0
73000020,4,all_of,17,17,17,17,True,True,True,True,0,0,0,0
73000020,5,condition_then,11,11,11,11,True,True,True,True,0,0,0,0
73000020,6,sequence,16,16,16,16,True,True,True,True,0,0,0,0
73000020,7,all_of,9,9,9,9,True,True,True,True,0,0,0,0
73000020,8,condition_then,8,8,8,8,True,True,True,True,0,0,0,0
73000020,9,branch,13,13,13,13,True,True,True,True,0,0,0,0
73000020,10,branch,9,9,9,9,True,True,True,True,0,0,0,0
73000020,11,branch,4096,48,48,48,False,True,True,True,0,0,0,0
73000021,0,sequence,11,11,11,11,True,True,True,True,0,0,0,0
73000021,1,all_of,7,7,7,7,True,True,True,True,0,0,0,0
73000021,2,condition_then,6,6,6,6,True,True,True,True,0,0,0,0
73000021,3,sequence,13,13,13,13,True,True,True,True,0,0,0,0
73000021,4,all_of,1543,62,43,43,True,True,True,True,0,-19,0,0
73000021,5,condition_then,1579,35,55,55,True,True,True,True,0,20,0,0
73000021,6,sequence,17,17,17,17,True,True,True,True,0,0,0,0
73000021,7,all_of,11,11,11,11,True,True,True,True,0,0,0,0
73000021,8,condition_then,5,5,5,5,True,True,True,True,0,0,0,0
73000021,9,branch,9,9,9,9,True,True,True,True,0,0,0,0
73000021,10,branch,11,11,11,11,True,True,True,True,0,0,0,0
73000021,11,branch,10,10,10,10,True,True,True,True,0,0,0,0
73000023,0,sequence,10,10,10,10,True,True,True,True,0,0,0,0
73000023,1,all_of,7,7,7,7,True,True,True,True,0,0,0,0
73000023,2,condition_then,7,7,7,7,True,True,True,True,0,0,0,0
73000023,3,sequence,15,15,15,15,True,True,True,True,0,0,0,0
73000023,4,all_of,15,15,15,15,True,True,True,True,0,0,0,0
73000023,5,condition_then,14,14,14,14,True,True,True,True,0,0,0,0
73000023,6,sequence,16,16,16,16,True,True,True,True,0,0,0,0
73000023,7,all_of,13,13,13,13,True,True,True,True,0,0,0,0
73000023,8,condition_then,12,12,12,12,True,True,True,True,0,0,0,0
73000023,9,branch,16,16,16,16,True,True,True,True,0,0,0,0
73000023,10,branch,17,17,17,17,True,True,True,True,0,0,0,0
73000023,11,branch,15,15,15,15,True,True,True,True,0,0,0,0
73000024,0,sequence,26,26,26,26,True,True,True,True,0,0,0,0
73000024,1,all_of,19,19,19,19,True,True,True,True,0,0,0,0
73000024,2,condition_then,18,18,18,18,True,True,True,True,0,0,0,0
73000024,3,sequence,234,187,180,180,True,True,True,True,0,-7,0,0
73000024,4,all_of,216,183,176,176,True,True,True,True,0,-7,0,0
73000024,5,condition_then,188,145,134,134,True,True,True,True,0,-11,0,0
73000024,6,sequence,17,17,17,17,True,True,True,True,0,0,0,0
73000024,7,all_of,8,8,8,8,True,True,True,True,0,0,0,0
73000024,8,condition_then,9,9,9,9,True,True,True,True,0,0,0,0
73000024,9,branch,15,15,15,15,True,True,True,True,0,0,0,0
73000024,10,branch,9,9,9,9,True,True,True,True,0,0,0,0
73000024,11,branch,10,10,10,10,True,True,True,True,0,0,0,0
73000026,0,sequence,4096,291,291,291,False,True,True,True,0,0,0,0
73000026,1,all_of,4096,286,286,286,False,True,True,True,0,0,0,0
73000026,2,condition_then,4096,69,69,69,False,True,True,True,0,0,0,0
73000026,3,sequence,4096,334,334,334,False,True,True,True,0,0,0,0
73000026,4,all_of,2183,166,166,166,True,True,True,True,0,0,0,0
73000026,5,condition_then,2197,264,264,264,True,True,True,True,0,0,0,0
73000026,6,sequence,4096,203,203,203,False,True,True,True,0,0,0,0
73000026,7,all_of,82,39,39,39,True,True,True,True,0,0,0,0
73000026,8,condition_then,7,7,7,7,True,True,True,True,0,0,0,0
73000026,9,branch,19,19,19,19,True,True,True,True,0,0,0,0
73000026,10,branch,13,13,13,13,True,True,True,True,0,0,0,0
73000026,11,branch,80,80,80,80,True,True,True,True,0,0,0,0
73000027,0,sequence,453,728,374,374,True,True,True,True,0,-354,0,0
73000027,1,all_of,440,723,369,369,True,True,True,True,0,-354,0,0
73000027,2,condition_then,425,694,348,342,True,True,True,True,-6,-346,0,0
73000027,3,sequence,614,241,594,532,True,True,True,True,-62,353,0,0
73000027,4,all_of,440,723,369,369,True,True,True,True,0,-354,0,0
73000027,5,condition_then,9,9,9,9,True,True,True,True,0,0,0,0
73000027,6,sequence,380,604,318,318,True,True,True,True,0,-286,0,0
73000027,7,all_of,364,597,302,302,True,True,True,True,0,-295,0,0
73000027,8,condition_then,223,267,135,135,True,True,True,True,0,-132,0,0
73000027,9,branch,8,8,8,8,True,True,True,True,0,0,0,0
73000027,10,branch,11,11,11,11,True,True,True,True,0,0,0,0
73000027,11,branch,16,16,16,16,True,True,True,True,0,0,0,0
73000029,0,sequence,106,41,48,48,True,True,True,True,0,7,0,0
73000029,1,all_of,1407,489,267,267,True,True,True,True,0,-222,0,0
73000029,2,condition_then,8,8,8,8,True,True,True,True,0,0,0,0
73000029,3,sequence,2231,361,420,420,True,True,True,True,0,59,0,0
73000029,4,all_of,2201,331,394,394,True,True,True,True,0,63,0,0
73000029,5,condition_then,1884,178,175,175,True,True,True,True,0,-3,0,0
73000029,6,sequence,1313,384,253,253,True,True,True,True,0,-131,0,0
73000029,7,all_of,1301,372,241,241,True,True,True,True,0,-131,0,0
73000029,8,condition_then,6,6,6,6,True,True,True,True,0,0,0,0
73000029,9,branch,10,10,10,10,True,True,True,True,0,0,0,0
73000029,10,branch,12,12,12,12,True,True,True,True,0,0,0,0
73000029,11,branch,1397,171,168,168,True,True,True,True,0,-3,0,0
73000030,0,sequence,21,21,21,21,True,True,True,True,0,0,0,0
73000030,1,all_of,16,16,16,16,True,True,True,True,0,0,0,0
73000030,2,condition_then,13,13,13,13,True,True,True,True,0,0,0,0
73000030,3,sequence,23,23,23,23,True,True,True,True,0,0,0,0
73000030,4,all_of,18,18,18,18,True,True,True,True,0,0,0,0
73000030,5,condition_then,11,11,11,11,True,True,True,True,0,0,0,0
73000030,6,sequence,18,18,18,18,True,True,True,True,0,0,0,0
73000030,7,all_of,23,23,23,23,True,True,True,True,0,0,0,0
73000030,8,condition_then,5,5,5,5,True,True,True,True,0,0,0,0
73000030,9,branch,15,15,15,15,True,True,True,True,0,0,0,0
73000030,10,branch,11,11,11,11,True,True,True,True,0,0,0,0
73000030,11,branch,10,10,10,10,True,True,True,True,0,0,0,0
73000031,0,sequence,1869,542,459,459,True,True,True,True,0,-83,0,0
73000031,1,all_of,29,29,29,29,True,True,True,True,0,0,0,0
73000031,2,condition_then,237,213,187,187,True,True,True,True,0,-26,0,0
73000031,3,sequence,1148,299,156,156,True,True,True,True,0,-143,0,0
73000031,4,all_of,1138,281,138,138,True,True,True,True,0,-143,0,0
73000031,5,condition_then,1553,363,268,268,True,True,True,True,0,-95,0,0
73000031,6,sequence,281,242,235,235,True,True,True,True,0,-7,0,0
73000031,7,all_of,280,241,234,234,True,True,True,True,0,-7,0,0
73000031,8,condition_then,92,86,86,86,True,True,True,True,0,0,0,0
73000031,9,branch,8,8,8,8,True,True,True,True,0,0,0,0
73000031,10,branch,9,9,9,9,True,True,True,True,0,0,0,0
73000031,11,branch,3665,471,306,306,True,True,True,True,0,-165,0,0
73000032,0,sequence,3444,69,70,70,True,True,True,True,0,1,0,0
73000032,1,all_of,3432,66,67,67,True,True,True,True,0,1,0,0
73000032,2,condition_then,1893,53,53,53,True,True,True,True,0,0,0,0
73000032,3,sequence,33,202,133,133,True,True,True,True,0,-69,0,0
73000032,4,all_of,22,191,122,122,True,True,True,True,0,-69,0,0
73000032,5,condition_then,6,6,6,6,True,True,True,True,0,0,0,0
73000032,6,sequence,3425,86,86,86,True,True,True,True,0,0,0,0
73000032,7,all_of,3418,74,74,74,True,True,True,True,0,0,0,0
73000032,8,condition_then,3476,82,96,96,True,True,True,True,0,14,0,0
73000032,9,branch,368,29,29,29,True,True,True,True,0,0,0,0
73000032,10,branch,726,71,84,84,True,True,True,True,0,13,0,0
73000032,11,branch,9,9,9,9,True,True,True,True,0,0,0,0
73000033,0,sequence,1107,731,628,418,True,True,True,True,-210,-103,0,0
73000033,1,all_of,3931,1130,1287,1268,True,True,True,True,-19,157,0,0
73000033,2,condition_then,351,312,79,79,True,True,True,True,0,-233,0,0
73000033,3,sequence,4096,821,959,984,False,True,True,True,25,138,0,0
73000033,4,all_of,4096,923,548,502,False,True,True,True,-46,-375,0,0
73000033,5,condition_then,17,57,27,27,True,True,True,True,0,-30,0,0
73000033,6,sequence,984,809,526,542,True,True,True,True,16,-283,0,0
73000033,7,all_of,981,808,524,540,True,True,True,True,16,-284,0,0
73000033,8,condition_then,15,15,15,15,True,True,True,True,0,0,0,0
73000033,9,branch,18,18,18,18,True,True,True,True,0,0,0,0
73000033,10,branch,318,129,86,86,True,True,True,True,0,-43,0,0
73000033,11,branch,9,9,9,9,True,True,True,True,0,0,0,0
73000034,0,sequence,97,142,94,94,True,True,True,True,0,-48,0,0
73000034,1,all_of,181,204,198,189,True,True,True,True,-9,-6,0,0
73000034,2,condition_then,16,16,16,16,True,True,True,True,0,0,0,0
73000034,3,sequence,95,95,95,95,True,True,True,True,0,0,0,0
73000034,4,all_of,91,91,91,82,True,True,True,True,-9,0,0,0
73000034,5,condition_then,11,11,11,11,True,True,True,True,0,0,0,0
73000034,6,sequence,769,343,335,335,True,True,True,True,0,-8,0,0
73000034,7,all_of,122,120,131,131,True,True,True,True,0,11,0,0
73000034,8,condition_then,22,22,22,22,True,True,True,True,0,0,0,0
73000034,9,branch,19,19,19,19,True,True,True,True,0,0,0,0
73000034,10,branch,10,10,10,10,True,True,True,True,0,0,0,0
73000034,11,branch,137,135,146,146,True,True,True,True,0,11,0,0
73000035,0,sequence,19,19,19,19,True,True,True,True,0,0,0,0
73000035,1,all_of,33,30,24,24,True,True,True,True,0,-6,0,0
73000035,2,condition_then,268,298,188,159,True,True,True,True,-29,-110,0,0
73000035,3,sequence,129,138,119,119,True,True,True,True,0,-19,0,0
73000035,4,all_of,15,15,15,15,True,True,True,True,0,0,0,0
73000035,5,condition_then,98,98,88,88,True,True,True,True,0,-10,0,0
73000035,6,sequence,143,133,109,109,True,True,True,True,0,-24,0,0
73000035,7,all_of,126,136,112,94,True,True,True,True,-18,-24,0,0
73000035,8,condition_then,49,57,51,51,True,True,True,True,0,-6,0,0
73000035,9,branch,15,15,15,15,True,True,True,True,0,0,0,0
73000035,10,branch,371,299,181,181,True,True,True,True,0,-118,0,0
73000035,11,branch,12,12,12,12,True,True,True,True,0,0,0,0
73000036,0,condition_then,6,6,6,6,True,True,True,True,0,0,0,0
73000036,1,condition_then,13,13,13,13,True,True,True,True,0,0,0,0
73000036,2,condition_then,8,8,8,8,True,True,True,True,0,0,0,0
73000036,3,sequence,16,16,16,16,True,True,True,True,0,0,0,0
73000036,4,all_of,14,14,14,14,True,True,True,True,0,0,0,0
73000036,5,sequence,21,21,21,21,True,True,True,True,0,0,0,0
73000036,6,all_of,15,15,15,15,True,True,True,True,0,0,0,0
73000036,7,sequence,19,19,19,19,True,True,True,True,0,0,0,0
73000036,8,all_of,17,17,17,17,True,True,True,True,0,0,0,0
73000036,9,branch,16,16,16,16,True,True,True,True,0,0,0,0
73000036,10,branch,18,18,18,18,True,True,True,True,0,0,0,0
73000036,11,branch,16,16,16,16,True,True,True,True,0,0,0,0
73000037,0,sequence,25,25,25,25,True,True,True,True,0,0,0,0
73000037,1,all_of,53,225,53,53,True,True,True,True,0,-172,0,0
73000037,2,condition_then,7,7,7,7,True,True,True,True,0,0,0,0
73000037,3,sequence,30,30,30,30,True,True,True,True,0,0,0,0
73000037,4,all_of,20,20,20,20,True,True,True,True,0,0,0,0
73000037,5,condition_then,4,4,4,4,True,True,True,True,0,0,0,0
73000037,6,sequence,15,15,15,15,True,True,True,True,0,0,0,0
73000037,7,all_of,22,22,22,22,True,True,True,True,0,0,0,0
73000037,8,condition_then,9,9,9,9,True,True,True,True,0,0,0,0
73000037,9,branch,10,10,10,10,True,True,True,True,0,0,0,0
73000037,10,branch,10,10,10,10,True,True,True,True,0,0,0,0
73000037,11,branch,10,10,10,10,True,True,True,True,0,0,0,0
73000038,0,sequence,269,176,172,172,True,True,True,True,0,-4,0,0
73000038,1,all_of,54,54,45,45,True,True,True,True,0,-9,0,0
73000038,2,condition_then,16,16,16,16,True,True,True,True,0,0,0,0
73000038,3,sequence,26,26,26,26,True,True,True,True,0,0,0,0
73000038,4,all_of,19,19,19,19,True,True,True,True,0,0,0,0
73000038,5,condition_then,6,6,6,6,True,True,True,True,0,0,0,0
73000038,6,sequence,985,214,192,192,True,True,True,True,0,-22,0,0
73000038,7,all_of,980,204,180,186,True,True,True,True,6,-24,0,0
73000038,8,condition_then,103,98,61,61,True,True,True,True,0,-37,0,0
73000038,9,branch,7,7,7,7,True,True,True,True,0,0,0,0
73000038,10,branch,7,7,7,7,True,True,True,True,0,0,0,0
73000038,11,branch,8,8,8,8,True,True,True,True,0,0,0,0
73000039,0,sequence,4096,270,255,255,False,True,True,True,0,-15,0,0
73000039,1,all_of,4096,261,246,246,False,True,True,True,0,-15,0,0
73000039,2,condition_then,2348,71,62,62,True,True,True,True,0,-9,0,0
73000039,3,sequence,707,79,70,70,True,True,True,True,0,-9,0,0
73000039,4,all_of,983,69,60,60,True,True,True,True,0,-9,0,0
73000039,5,condition_then,12,12,12,12,True,True,True,True,0,0,0,0
73000039,6,sequence,29,33,29,29,True,True,True,True,0,-4,0,0
73000039,7,all_of,18,18,18,18,True,True,True,True,0,0,0,0
73000039,8,condition_then,9,9,9,9,True,True,True,True,0,0,0,0
73000039,9,branch,25,28,43,43,True,True,True,True,0,15,0,0
73000039,10,branch,8,8,8,8,True,True,True,True,0,0,0,0
73000039,11,branch,4096,93,102,102,False,True,True,True,0,9,0,0
73000040,0,sequence,22,22,22,22,True,True,True,True,0,0,0,0
73000040,1,all_of,3021,130,113,113,True,True,True,True,0,-17,0,0
73000040,2,condition_then,11,11,11,11,True,True,True,True,0,0,0,0
73000040,3,sequence,29,29,29,29,True,True,True,True,0,0,0,0
73000040,4,all_of,19,19,19,19,True,True,True,True,0,0,0,0
73000040,5,condition_then,14,14,14,14,True,True,True,True,0,0,0,0
73000040,6,sequence,2630,124,100,100,True,True,True,True,0,-24,0,0
73000040,7,all_of,10,10,10,10,True,True,True,True,0,0,0,0
73000040,8,condition_then,11,11,11,11,True,True,True,True,0,0,0,0
73000040,9,branch,14,14,14,14,True,True,True,True,0,0,0,0
73000040,10,branch,9,9,9,9,True,True,True,True,0,0,0,0
73000040,11,branch,7,7,7,7,True,True,True,True,0,0,0,0
73000041,0,sequence,26,26,26,26,True,True,True,True,0,0,0,0
73000041,1,all_of,18,18,18,18,True,True,True,True,0,0,0,0
73000041,2,condition_then,13,13,13,13,True,True,True,True,0,0,0,0
73000041,3,sequence,30,30,30,30,True,True,True,True,0,0,0,0
73000041,4,all_of,14,14,14,14,True,True,True,True,0,0,0,0
73000041,5,condition_then,9,9,9,9,True,True,True,True,0,0,0,0
73000041,6,sequence,23,23,23,23,True,True,True,True,0,0,0,0
73000041,7,all_of,20,20,20,20,True,True,True,True,0,0,0,0
73000041,8,condition_then,9,9,9,9,True,True,True,True,0,0,0,0
73000041,9,branch,7,7,7,7,True,True,True,True,0,0,0,0
73000041,10,branch,8,8,8,8,True,True,True,True,0,0,0,0
73000041,11,branch,7,7,7,7,True,True,True,True,0,0,0,0
73000042,0,sequence,22,22,22,22,True,True,True,True,0,0,0,0
73000042,1,all_of,18,18,18,18,True,True,True,True,0,0,0,0
73000042,2,condition_then,16,16,16,16,True,True,True,True,0,0,0,0
73000042,3,sequence,16,16,16,16,True,True,True,True,0,0,0,0
73000042,4,all_of,17,17,17,17,True,True,True,True,0,0,0,0
73000042,5,condition_then,9,9,9,9,True,True,True,True,0,0,0,0
73000042,6,sequence,20,20,20,20,True,True,True,True,0,0,0,0
73000042,7,all_of,12,12,12,12,True,True,True,True,0,0,0,0
73000042,8,condition_then,9,9,9,9,True,True,True,True,0,0,0,0
73000042,9,branch,10,10,10,10,True,True,True,True,0,0,0,0
73000042,10,branch,15,15,15,15,True,True,True,True,0,0,0,0
73000042,11,branch,15,15,15,15,True,True,True,True,0,0,0,0
73000043,0,sequence,1104,638,890,873,True,True,True,True,-17,252,0,0
73000043,1,all_of,1905,683,882,865,True,True,True,True,-17,199,0,0
73000043,2,condition_then,27,27,27,27,True,True,True,True,0,0,0,0
73000043,3,sequence,397,453,272,268,True,True,True,True,-4,-181,0,0
73000043,4,all_of,4096,1381,1132,1132,False,True,True,True,0,-249,0,0
73000043,5,condition_then,35,35,35,35,True,True,True,True,0,0,0,0
73000043,6,sequence,4096,1023,943,943,False,True,True,True,0,-80,0,0
73000043,7,all_of,4096,1014,934,934,False,True,True,True,0,-80,0,0
73000043,8,condition_then,2390,822,740,754,True,True,True,True,14,-82,0,0
73000043,9,branch,1141,524,396,396,True,True,True,True,0,-128,0,0
73000043,10,branch,15,15,15,15,True,True,True,True,0,0,0,0
73000043,11,branch,9,9,9,9,True,True,True,True,0,0,0,0
73000044,0,sequence,17,17,17,17,True,True,True,True,0,0,0,0
73000044,1,all_of,13,13,13,13,True,True,True,True,0,0,0,0
73000044,2,condition_then,16,16,16,16,True,True,True,True,0,0,0,0
73000044,3,sequence,3059,91,115,115,True,True,True,True,0,24,0,0
73000044,4,all_of,18,18,18,18,True,True,True,True,0,0,0,0
73000044,5,condition_then,15,15,15,15,True,True,True,True,0,0,0,0
73000044,6,sequence,14,14,14,14,True,True,True,True,0,0,0,0
73000044,7,all_of,16,16,16,16,True,True,True,True,0,0,0,0
73000044,8,condition_then,10,10,10,10,True,True,True,True,0,0,0,0
73000044,9,branch,13,13,13,13,True,True,True,True,0,0,0,0
73000044,10,branch,9,9,9,9,True,True,True,True,0,0,0,0
73000044,11,branch,14,14,14,14,True,True,True,True,0,0,0,0
73000045,0,sequence,4096,198,195,195,False,True,True,True,0,-3,0,0
73000045,1,all_of,4096,186,181,181,False,True,True,True,0,-5,0,0
73000045,2,condition_then,4064,59,59,59,True,True,True,True,0,0,0,0
73000045,3,sequence,11,11,11,11,True,True,True,True,0,0,0,0
73000045,4,all_of,11,11,11,11,True,True,True,True,0,0,0,0
73000045,5,condition_then,4096,114,106,106,False,True,True,True,0,-8,0,0
73000045,6,sequence,4096,214,204,204,False,True,True,True,0,-10,0,0
73000045,7,all_of,4096,210,200,200,False,True,True,True,0,-10,0,0
73000045,8,condition_then,834,97,89,89,True,True,True,True,0,-8,0,0
73000045,9,branch,13,13,13,13,True,True,True,True,0,0,0,0
73000045,10,branch,8,8,8,8,True,True,True,True,0,0,0,0
73000045,11,branch,8,8,8,8,True,True,True,True,0,0,0,0
73000046,0,condition_then,6,6,6,6,True,True,True,True,0,0,0,0
73000046,1,condition_then,8,8,8,8,True,True,True,True,0,0,0,0
73000046,2,condition_then,9,9,9,9,True,True,True,True,0,0,0,0
73000046,3,sequence,9,9,9,9,True,True,True,True,0,0,0,0
73000046,4,all_of,10,10,10,10,True,True,True,True,0,0,0,0
73000046,5,sequence,10,10,10,10,True,True,True,True,0,0,0,0
73000046,6,all_of,10,10,10,10,True,True,True,True,0,0,0,0
73000046,7,sequence,9,9,9,9,True,True,True,True,0,0,0,0
73000046,8,all_of,9,9,9,9,True,True,True,True,0,0,0,0
73000046,9,branch,10,10,10,10,True,True,True,True,0,0,0,0
73000046,10,branch,10,10,10,10,True,True,True,True,0,0,0,0
73000046,11,branch,10,10,10,10,True,True,True,True,0,0,0,0
73000047,0,sequence,496,389,424,424,True,True,True,True,0,35,0,0
73000047,1,all_of,489,382,417,410,True,True,True,True,-7,35,0,0
73000047,2,condition_then,455,334,289,289,True,True,True,True,0,-45,0,0
73000047,3,sequence,22,22,22,22,True,True,True,True,0,0,0,0
73000047,4,all_of,18,18,18,18,True,True,True,True,0,0,0,0
73000047,5,condition_then,134,134,134,134,True,True,True,True,0,0,0,0
73000047,6,sequence,320,304,320,320,True,True,True,True,0,16,0,0
73000047,7,all_of,167,167,167,167,True,True,True,True,0,0,0,0
73000047,8,condition_then,12,12,12,12,True,True,True,True,0,0,0,0
73000047,9,branch,12,12,12,12,True,True,True,True,0,0,0,0
73000047,10,branch,18,18,18,18,True,True,True,True,0,0,0,0
73000047,11,branch,12,12,12,12,True,True,True,True,0,0,0,0
73000048,0,sequence,19,19,19,19,True,True,True,True,0,0,0,0
73000048,1,all_of,12,12,12,12,True,True,True,True,0,0,0,0
73000048,2,condition_then,9,9,9,9,True,True,True,True,0,0,0,0
73000048,3,sequence,13,13,13,13,True,True,True,True,0,0,0,0
73000048,4,all_of,8,8,8,8,True,True,True,True,0,0,0,0
73000048,5,condition_then,8,8,8,8,True,True,True,True,0,0,0,0
73000048,6,sequence,16,16,16,16,True,True,True,True,0,0,0,0
73000048,7,all_of,13,13,13,13,True,True,True,True,0,0,0,0
73000048,8,condition_then,4,4,4,4,True,True,True,True,0,0,0,0
73000048,9,branch,9,9,9,9,True,True,True,True,0,0,0,0
73000048,10,branch,8,8,8,8,True,True,True,True,0,0,0,0
73000048,11,branch,13,13,13,13,True,True,True,True,0,0,0,0
73000049,0,sequence,24,24,24,24,True,True,True,True,0,0,0,0
73000049,1,all_of,24,24,24,24,True,True,True,True,0,0,0,0
73000049,2,condition_then,12,12,12,12,True,True,True,True,0,0,0,0
73000049,3,sequence,13,13,13,13,True,True,True,True,0,0,0,0
73000049,4,all_of,10,10,10,10,True,True,True,True,0,0,0,0
73000049,5,condition_then,8,8,8,8,True,True,True,True,0,0,0,0
73000049,6,sequence,20,20,20,20,True,True,True,True,0,0,0,0
73000049,7,all_of,13,13,13,13,True,True,True,True,0,0,0,0
73000049,8,condition_then,13,13,13,13,True,True,True,True,0,0,0,0
73000049,9,branch,9,9,9,9,True,True,True,True,0,0,0,0
73000049,10,branch,15,15,15,15,True,True,True,True,0,0,0,0
73000049,11,branch,15,15,15,15,True,True,True,True,0,0,0,0
73000050,0,sequence,29,29,29,29,True,True,True,True,0,0,0,0
73000050,1,all_of,1054,536,552,613,True,True,True,True,61,16,0,0
73000050,2,condition_then,16,16,16,16,True,True,True,True,0,0,0,0
73000050,3,sequence,861,795,509,509,True,True,True,True,0,-286,0,0
73000050,4,all_of,856,790,505,509,True,True,True,True,4,-285,0,0
73000050,5,condition_then,3,3,3,3,True,True,True,True,0,0,0,0
73000050,6,sequence,152,152,152,152,True,True,True,True,0,0,0,0
73000050,7,all_of,151,151,151,151,True,True,True,True,0,0,0,0
73000050,8,condition_then,21,21,21,21,True,True,True,True,0,0,0,0
73000050,9,branch,1011,616,494,494,True,True,True,True,0,-122,0,0
73000050,10,branch,57,57,57,57,True,True,True,True,0,0,0,0
73000050,11,branch,393,409,422,422,True,True,True,True,0,13,0,0
73000051,0,sequence,337,334,236,236,True,True,True,True,0,-98,0,0
73000051,1,all_of,311,308,210,210,True,True,True,True,0,-98,0,0
73000051,2,condition_then,13,13,13,13,True,True,True,True,0,0,0,0
73000051,3,sequence,77,113,85,85,True,True,True,True,0,-28,0,0
73000051,4,all_of,91,107,79,71,True,True,True,True,-8,-28,0,0
73000051,5,condition_then,668,383,321,321,True,True,True,True,0,-62,0,0
73000051,6,sequence,23,23,23,23,True,True,True,True,0,0,0,0
73000051,7,all_of,110,69,64,64,True,True,True,True,0,-5,0,0
73000051,8,condition_then,559,362,232,232,True,True,True,True,0,-130,0,0
73000051,9,branch,10,10,10,10,True,True,True,True,0,0,0,0
73000051,10,branch,8,8,8,8,True,True,True,True,0,0,0,0
73000051,11,branch,344,246,237,237,True,True,True,True,0,-9,0,0
73000052,0,sequence,1964,336,392,392,True,True,True,True,0,56,0,0
73000052,1,all_of,4096,436,427,427,False,True,True,True,0,-9,0,0
73000052,2,condition_then,1808,405,464,464,True,True,True,True,0,59,0,0
73000052,3,sequence,18,18,18,18,True,True,True,True,0,0,0,0
73000052,4,all_of,13,13,13,13,True,True,True,True,0,0,0,0
73000052,5,condition_then,19,19,19,19,True,True,True,True,0,0,0,0
73000052,6,sequence,2286,217,202,202,True,True,True,True,0,-15,0,0
73000052,7,all_of,4096,412,444,444,False,True,True,True,0,32,0,0
73000052,8,condition_then,1905,198,189,189,True,True,True,True,0,-9,0,0
73000052,9,branch,614,242,249,249,True,True,True,True,0,7,0,0
73000052,10,branch,8,8,8,8,True,True,True,True,0,0,0,0
73000052,11,branch,6,6,6,6,True,True,True,True,0,0,0,0
73000053,0,sequence,22,22,22,22,True,True,True,True,0,0,0,0
73000053,1,all_of,23,23,23,23,True,True,True,True,0,0,0,0
73000053,2,condition_then,9,9,9,9,True,True,True,True,0,0,0,0
73000053,3,sequence,19,19,19,19,True,True,True,True,0,0,0,0
73000053,4,all_of,18,18,18,18,True,True,True,True,0,0,0,0
73000053,5,condition_then,12,12,12,12,True,True,True,True,0,0,0,0
73000053,6,sequence,29,29,29,29,True,True,True,True,0,0,0,0
73000053,7,all_of,28,28,28,28,True,True,True,True,0,0,0,0
73000053,8,condition_then,4,4,4,4,True,True,True,True,0,0,0,0
73000053,9,branch,13,13,13,13,True,True,True,True,0,0,0,0
73000053,10,branch,9,9,9,9,True,True,True,True,0,0,0,0
73000053,11,branch,15,15,15,15,True,True,True,True,0,0,0,0
73000054,0,sequence,17,17,17,17,True,True,True,True,0,0,0,0
73000054,1,all_of,14,14,14,14,True,True,True,True,0,0,0,0
73000054,2,condition_then,11,11,11,11,True,True,True,True,0,0,0,0
73000054,3,sequence,15,15,15,15,True,True,True,True,0,0,0,0
73000054,4,all_of,6,6,6,6,True,True,True,True,0,0,0,0
73000054,5,condition_then,12,12,12,12,True,True,True,True,0,0,0,0
73000054,6,sequence,12,12,12,12,True,True,True,True,0,0,0,0
73000054,7,all_of,16,16,16,16,True,True,True,True,0,0,0,0
73000054,8,condition_then,13,13,13,13,True,True,True,True,0,0,0,0
73000054,9,branch,11,11,11,11,True,True,True,True,0,0,0,0
73000054,10,branch,11,11,11,11,True,True,True,True,0,0,0,0
73000054,11,branch,8,8,8,8,True,True,True,True,0,0,0,0
73000055,0,sequence,3500,367,406,343,True,True,True,True,-63,39,0,0
73000055,1,all_of,3493,355,394,336,True,True,True,True,-58,39,0,0
73000055,2,condition_then,11,11,11,11,True,True,True,True,0,0,0,0
73000055,3,sequence,92,212,128,125,True,True,True,True,-3,-84,0,0
73000055,4,all_of,75,202,117,114,True,True,True,True,-3,-85,0,0
73000055,5,condition_then,17,17,17,17,True,True,True,True,0,0,0,0
73000055,6,sequence,278,220,207,207,True,True,True,True,0,-13,0,0
73000055,7,all_of,87,66,135,135,True,True,True,True,0,69,0,0
73000055,8,condition_then,12,12,12,12,True,True,True,True,0,0,0,0
73000055,9,branch,11,11,11,11,True,True,True,True,0,0,0,0
73000055,10,branch,17,17,17,17,True,True,True,True,0,0,0,0
73000055,11,branch,12,12,12,12,True,True,True,True,0,0,0,0
73000056,0,sequence,598,507,301,403,True,True,True,True,102,-206,0,0
73000056,1,all_of,2804,1163,754,739,True,True,True,True,-15,-409,0,0
73000056,2,condition_then,616,588,186,186,True,True,True,True,0,-402,0,0
73000056,3,sequence,649,438,597,597,True,True,True,True,0,159,0,0
73000056,4,all_of,1963,1104,592,592,True,True,True,True,0,-512,0,0
73000056,5,condition_then,1515,1148,725,536,True,True,True,True,-189,-423,0,0
73000056,6,sequence,2945,801,1156,1153,True,True,True,True,-3,355,0,0
73000056,7,all_of,4096,1626,1157,1157,False,True,True,True,0,-469,0,0
73000056,8,condition_then,4096,1116,1274,1187,False,True,True,True,-87,158,0,0
73000056,9,branch,1920,1135,524,524,True,True,True,True,0,-611,0,0
73000056,10,branch,3090,866,654,654,True,True,True,True,0,-212,0,0
73000056,11,branch,1547,640,677,677,True,True,True,True,0,37,0,0
73000057,0,sequence,18,18,18,18,True,True,True,True,0,0,0,0
73000057,1,all_of,20,20,20,20,True,True,True,True,0,0,0,0
73000057,2,condition_then,15,15,15,15,True,True,True,True,0,0,0,0
73000057,3,sequence,16,16,16,16,True,True,True,True,0,0,0,0
73000057,4,all_of,12,12,12,12,True,True,True,True,0,0,0,0
73000057,5,condition_then,19,19,19,19,True,True,True,True,0,0,0,0
73000057,6,sequence,15,15,15,15,True,True,True,True,0,0,0,0
73000057,7,all_of,18,18,18,18,True,True,True,True,0,0,0,0
73000057,8,condition_then,7,7,7,7,True,True,True,True,0,0,0,0
73000057,9,branch,10,10,10,10,True,True,True,True,0,0,0,0
73000057,10,branch,12,12,12,12,True,True,True,True,0,0,0,0
73000057,11,branch,10,10,10,10,True,True,True,True,0,0,0,0
73000058,0,sequence,783,484,246,246,True,True,True,True,0,-238,0,0
73000058,1,all_of,1000,463,237,237,True,True,True,True,0,-226,0,0
73000058,2,condition_then,7,7,7,7,True,True,True,True,0,0,0,0
73000058,3,sequence,4096,123,313,313,False,True,True,True,0,190,0,0
73000058,4,all_of,4096,124,314,314,False,True,True,True,0,190,0,0
73000058,5,condition_then,2289,90,116,116,True,True,True,True,0,26,0,0
73000058,6,sequence,4096,793,735,735,False,True,True,True,0,-58,0,0
73000058,7,all_of,4096,680,497,497,False,True,True,True,0,-183,0,0
73000058,8,condition_then,9,9,9,9,True,True,True,True,0,0,0,0
73000058,9,branch,265,68,136,136,True,True,True,True,0,68,0,0
73000058,10,branch,324,617,257,257,True,True,True,True,0,-360,0,0
73000058,11,branch,14,14,14,14,True,True,True,True,0,0,0,0
73000059,0,sequence,13,13,13,13,True,True,True,True,0,0,0,0
73000059,1,all_of,14,14,14,14,True,True,True,True,0,0,0,0
73000059,2,condition_then,11,11,11,11,True,True,True,True,0,0,0,0
73000059,3,sequence,10,10,10,10,True,True,True,True,0,0,0,0
73000059,4,all_of,7,7,7,7,True,True,True,True,0,0,0,0
73000059,5,condition_then,7,7,7,7,True,True,True,True,0,0,0,0
73000059,6,sequence,19,19,19,19,True,True,True,True,0,0,0,0
73000059,7,all_of,8,8,8,8,True,True,True,True,0,0,0,0
73000059,8,condition_then,7,7,7,7,True,True,True,True,0,0,0,0
73000059,9,branch,9,9,9,9,True,True,True,True,0,0,0,0
73000059,10,branch,7,7,7,7,True,True,True,True,0,0,0,0
73000059,11,branch,6,6,6,6,True,True,True,True,0,0,0,0
73000060,0,sequence,323,423,414,414,True,True,True,True,0,-9,0,0
73000060,1,all_of,315,415,406,406,True,True,True,True,0,-9,0,0
73000060,2,condition_then,310,380,401,405,True,True,True,True,4,21,0,0
73000060,3,sequence,4096,4096,4096,4096,False,False,False,False,0,0,0,0
73000060,4,all_of,19,19,19,19,True,True,True,True,0,0,0,0
73000060,5,condition_then,8,8,8,8,True,True,True,True,0,0,0,0
73000060,6,sequence,592,531,557,557,True,True,True,True,0,26,0,0
73000060,7,all_of,13,13,13,13,True,True,True,True,0,0,0,0
73000060,8,condition_then,2,2,2,2,True,True,True,True,0,0,0,0
73000060,9,branch,129,144,136,136,True,True,True,True,0,-8,0,0
73000060,10,branch,9,9,9,9,True,True,True,True,0,0,0,0
73000060,11,branch,381,414,396,396,True,True,True,True,0,-18,0,0
73000061,0,condition_then,10,10,10,10,True,True,True,True,0,0,0,0
73000061,1,condition_then,10,10,10,10,True,True,True,True,0,0,0,0
73000061,2,sequence,15,15,15,15,True,True,True,True,0,0,0,0
73000061,3,all_of,13,13,13,13,True,True,True,True,0,0,0,0
73000061,4,condition_then,9,9,9,9,True,True,True,True,0,0,0,0
73000061,5,sequence,12,12,12,12,True,True,True,True,0,0,0,0
73000061,6,all_of,12,12,12,12,True,True,True,True,0,0,0,0
73000061,7,sequence,13,13,13,13,True,True,True,True,0,0,0,0
73000061,8,all_of,13,13,13,13,True,True,True,True,0,0,0,0
73000061,9,branch,13,13,13,13,True,True,True,True,0,0,0,0
73000061,10,branch,13,13,13,13,True,True,True,True,0,0,0,0
73000061,11,branch,12,12,12,12,True,True,True,True,0,0,0,0
73000062,0,sequence,19,19,19,19,True,True,True,True,0,0,0,0
73000062,1,all_of,10,10,10,10,True,True,True,True,0,0,0,0
73000062,2,condition_then,10,10,10,10,True,True,True,True,0,0,0,0
73000062,3,sequence,20,20,20,20,True,True,True,True,0,0,0,0
73000062,4,all_of,10,10,10,10,True,True,True,True,0,0,0,0
73000062,5,condition_then,10,10,10,10,True,True,True,True,0,0,0,0
73000062,6,sequence,18,18,18,18,True,True,True,True,0,0,0,0
73000062,7,all_of,18,18,18,18,True,True,True,True,0,0,0,0
73000062,8,condition_then,6,6,6,6,True,True,True,True,0,0,0,0
73000062,9,branch,8,8,8,8,True,True,True,True,0,0,0,0
73000062,10,branch,13,13,13,13,True,True,True,True,0,0,0,0
73000062,11,branch,10,10,10,10,True,True,True,True,0,0,0,0
73000063,0,sequence,16,16,16,16,True,True,True,True,0,0,0,0
73000063,1,all_of,13,13,13,13,True,True,True,True,0,0,0,0
73000063,2,condition_then,15,15,15,15,True,True,True,True,0,0,0,0
73000063,3,sequence,9,9,9,9,True,True,True,True,0,0,0,0
73000063,4,all_of,6,6,6,6,True,True,True,True,0,0,0,0
73000063,5,condition_then,3,3,3,3,True,True,True,True,0,0,0,0
73000063,6,sequence,17,17,17,17,True,True,True,True,0,0,0,0
73000063,7,all_of,12,12,12,12,True,True,True,True,0,0,0,0
73000063,8,condition_then,9,9,9,9,True,True,True,True,0,0,0,0
73000063,9,branch,11,11,11,11,True,True,True,True,0,0,0,0
73000063,10,branch,6,6,6,6,True,True,True,True,0,0,0,0
73000063,11,branch,7,7,7,7,True,True,True,True,0,0,0,0
73000064,0,sequence,60,62,60,60,True,True,True,True,0,-2,0,0
73000064,1,all_of,26,26,26,26,True,True,True,True,0,0,0,0
73000064,2,condition_then,35,35,35,35,True,True,True,True,0,0,0,0
73000064,3,sequence,2981,223,177,177,True,True,True,True,0,-46,0,0
73000064,4,all_of,2956,220,174,176,True,True,True,True,2,-46,0,0
73000064,5,condition_then,2979,222,175,175,True,True,True,True,0,-47,0,0
73000064,6,sequence,2988,217,126,126,True,True,True,True,0,-91,0,0
73000064,7,all_of,2980,209,114,114,True,True,True,True,0,-95,0,0
73000064,8,condition_then,2977,205,110,110,True,True,True,True,0,-95,0,0
73000064,9,branch,14,14,14,14,True,True,True,True,0,0,0,0
73000064,10,branch,20,20,20,20,True,True,True,True,0,0,0,0
73000064,11,branch,61,61,61,61,True,True,True,True,0,0,0,0
73000065,0,sequence,1690,343,236,236,True,True,True,True,0,-107,0,0
73000065,1,all_of,1684,337,230,230,True,True,True,True,0,-107,0,0
73000065,2,condition_then,44,30,44,33,True,True,True,True,-11,14,0,0
73000065,3,sequence,2305,335,242,242,True,True,True,True,0,-93,0,0
73000065,4,all_of,2294,324,230,230,True,True,True,True,0,-94,0,0
73000065,5,condition_then,22,16,29,29,True,True,True,True,0,13,0,0
73000065,6,sequence,3566,633,428,428,True,True,True,True,0,-205,0,0
73000065,7,all_of,3551,618,410,489,True,True,True,True,79,-208,0,0
73000065,8,condition_then,14,83,14,14,True,True,True,True,0,-69,0,0
73000065,9,branch,4096,933,344,344,False,True,True,True,0,-589,0,0
73000065,10,branch,8,8,8,8,True,True,True,True,0,0,0,0
73000065,11,branch,78,125,94,94,True,True,True,True,0,-31,0,0
73000066,0,sequence,16,16,16,16,True,True,True,True,0,0,0,0
73000066,1,all_of,11,11,11,11,True,True,True,True,0,0,0,0
73000066,2,condition_then,6,6,6,6,True,True,True,True,0,0,0,0
73000066,3,sequence,20,20,20,20,True,True,True,True,0,0,0,0
73000066,4,all_of,15,15,15,15,True,True,True,True,0,0,0,0
73000066,5,condition_then,14,14,14,14,True,True,True,True,0,0,0,0
73000066,6,sequence,57,64,161,161,True,True,True,True,0,97,0,0
73000066,7,all_of,42,49,147,147,True,True,True,True,0,98,0,0
73000066,8,condition_then,12,12,12,12,True,True,True,True,0,0,0,0
73000066,9,branch,13,13,13,13,True,True,True,True,0,0,0,0
73000066,10,branch,8,8,8,8,True,True,True,True,0,0,0,0
73000066,11,branch,10,10,10,10,True,True,True,True,0,0,0,0
73000067,0,sequence,22,22,22,22,True,True,True,True,0,0,0,0
73000067,1,all_of,19,19,19,19,True,True,True,True,0,0,0,0
73000067,2,condition_then,23,23,23,23,True,True,True,True,0,0,0,0
73000067,3,sequence,2031,228,130,130,True,True,True,True,0,-98,0,0
73000067,4,all_of,2035,232,134,121,True,True,True,True,-13,-98,0,0
73000067,5,condition_then,11,11,11,11,True,True,True,True,0,0,0,0
73000067,6,sequence,18,18,18,18,True,True,True,True,0,0,0,0
73000067,7,all_of,14,14,14,14,True,True,True,True,0,0,0,0
73000067,8,condition_then,10,10,10,10,True,True,True,True,0,0,0,0
73000067,9,branch,8,8,8,8,True,True,True,True,0,0,0,0
73000067,10,branch,17,17,17,17,True,True,True,True,0,0,0,0
73000067,11,branch,7,7,7,7,True,True,True,True,0,0,0,0
73000068,0,sequence,40,40,40,40,True,True,True,True,0,0,0,0
73000068,1,all_of,43,43,43,43,True,True,True,True,0,0,0,0
73000068,2,condition_then,31,31,31,31,True,True,True,True,0,0,0,0
73000068,3,sequence,239,239,239,239,True,True,True,True,0,0,0,0
73000068,4,all_of,22,22,22,22,True,True,True,True,0,0,0,0
73000068,5,condition_then,176,176,176,106,True,True,True,True,-70,0,0,0
73000068,6,sequence,634,613,606,606,True,True,True,True,0,-7,0,0
73000068,7,all_of,616,595,588,588,True,True,True,True,0,-7,0,0
73000068,8,condition_then,95,48,48,48,True,True,True,True,0,0,0,0
73000068,9,branch,235,235,235,235,True,True,True,True,0,0,0,0
73000068,10,branch,262,262,262,262,True,True,True,True,0,0,0,0
73000068,11,branch,97,97,97,97,True,True,True,True,0,0,0,0
