seed,tasks,D_w,G_w,R_w,structural_mean_capped,frontier_t0_mean_capped,virtual_frontier_mean_capped,task_virtual_frontier_mean_capped,structural_success_rate,frontier_t0_success_rate,virtual_frontier_success_rate,task_virtual_frontier_success_rate,success_task_minus_generic,success_generic_minus_frontier
73000000,12,-0.08333333333333333,-0.3333333333333333,-0.001557632398753894,1140.9166666666667,53.833333333333336,53.5,53.416666666666664,0.75,1.0,1.0,1.0,0.0,0.0
73000001,12,0.0,0.0,0.0,13.25,13.25,13.25,13.25,1.0,1.0,1.0,1.0,0.0,0.0
73000002,12,0.0,0.0,0.0,10.0,10.0,10.0,10.0,1.0,1.0,1.0,1.0,0.0,0.0
73000003,12,0.0,0.0,0.0,12.25,12.25,12.25,12.25,1.0,1.0,1.0,1.0,0.0,0.0
73000004,12,0.0,-12.0,0.0,62.416666666666664,43.5,31.5,31.5,1.0,1.0,1.0,1.0,0.0,0.0
73000005,12,0.0,0.0,0.0,12.083333333333334,12.083333333333334,12.083333333333334,12.083333333333334,1.0,1.0,1.0,1.0,0.0,0.0
73000006,12,0.0,0.0,0.0,32.166666666666664,32.166666666666664,32.166666666666664,32.166666666666664,1.0,1.0,1.0,1.0,0.0,0.0
73000007,12,0.5,-9.25,0.02857142857142857,28.333333333333332,26.75,17.5,18.0,1.0,1.0,1.0,1.0,0.0,0.0
73000008,12,-5.166666666666667,-2.0833333333333335,-0.07217694994179279,1174.9166666666667,73.66666666666667,71.58333333333333,66.41666666666667,1.0,1.0,1.0,1.0,0.0,0.0
73000009,12,0.0,0.0,0.0,11.166666666666666,11.166666666666666,11.166666666666666,11.166666666666666,1.0,1.0,1.0,1.0,0.0,0.0
73000010,12,-3.0833333333333335,-30.666666666666668,-0.028861154446177848,238.75,137.5,106.83333333333333,103.75,1.0,1.0,1.0,1.0,0.0,0.0
73000011,12,-1.1666666666666667,-37.5,-0.012903225806451613,1259.5833333333333,127.91666666666667,90.41666666666667,89.25,0.75,1.0,1.0,1.0,0.0,0.0
73000013,12,0.0,0.0,0.0,11.5,11.5,11.5,11.5,1.0,1.0,1.0,1.0,0.0,0.0
73000014,12,0.0,0.0,0.0,9.0,9.0,9.0,9.0,1.0,1.0,1.0,1.0,0.0,0.0
73000015,12,-0.08333333333333333,-202.58333333333334,-0.00016160310277957336,569.75,718.25,515.6666666666666,515.5833333333334,1.0,1.0,1.0,1.0,0.0,0.0
73000016,12,0.0,0.0,0.0,11.25,11.25,11.25,11.25,1.0,1.0,1.0,1.0,0.0,0.0
73000017,12,-1.5,-80.58333333333333,-0.009268795056642637,715.0833333333334,242.41666666666666,161.83333333333334,160.33333333333334,1.0,1.0,1.0,1.0,0.0,0.0
73000018,12,-1.75,-1.5,-0.014373716632443531,584.0,123.25,121.75,120.0,1.0,1.0,1.0,1.0,0.0,0.0
73000019,12,0.0,2.0,0.0,1399.4166666666667,54.75,56.75,56.75,1.0,1.0,1.0,1.0,0.0,0.0
73000020,12,0.0,0.0,0.0,352.5833333333333,15.25,15.25,15.25,0.9166666666666666,1.0,1.0,1.0,0.0,0.0
73000021,12,0.0,0.08333333333333333,0.0,268.5,16.416666666666668,16.5,16.5,1.0,1.0,1.0,1.0,0.0,0.0
73000023,12,0.0,0.0,0.0,13.083333333333334,13.083333333333334,13.083333333333334,13.083333333333334,1.0,1.0,1.0,1.0,0.0,0.0
73000024,12,0.0,-2.0833333333333335,0.0,64.08333333333333,53.833333333333336,51.75,51.75,1.0,1.0,1.0,1.0,0.0,0.0
73000026,12,0.0,0.0,0.0,2088.4166666666665,147.58333333333334,147.58333333333334,147.58333333333334,0.5833333333333334,1.0,1.0,1.0,0.0,0.0
73000027,12,-5.666666666666667,-147.33333333333334,-0.023834560112162638,281.9166666666667,385.0833333333333,237.75,232.08333333333334,1.0,1.0,1.0,1.0,0.0,0.0
73000029,12,0.0,-30.083333333333332,0.0,989.6666666666666,196.91666666666666,166.83333333333334,166.83333333333334,1.0,1.0,1.0,1.0,0.0,0.0
73000030,12,0.0,0.0,0.0,15.333333333333334,15.333333333333334,15.333333333333334,15.333333333333334,1.0,1.0,1.0,1.0,0.0,0.0
73000031,12,0.0,-55.75,0.0,859.0833333333334,232.0,176.25,176.25,1.0,1.0,1.0,1.0,0.0,0.0
73000032,12,0.0,-9.083333333333334,0.0,1687.6666666666667,78.16666666666667,69.08333333333333,69.08333333333333,1.0,1.0,1.0,1.0,0.0,0.0
73000033,12,-18.166666666666668,-88.0,-0.046323841903952404,1326.9166666666667,480.1666666666667,392.1666666666667,374.0,0.8333333333333334,1.0,1.0,1.0,0.0,0.0
73000034,12,-1.5,-3.3333333333333335,-0.01541095890410959,130.83333333333334,100.66666666666667,97.33333333333333,95.83333333333333,1.0,1.0,1.0,1.0,0.0,0.0
73000035,12,-3.9166666666666665,-26.416666666666668,-0.05037513397642015,106.5,104.16666666666667,77.75,73.83333333333333,1.0,1.0,1.0,1.0,0.0,0.0
73000036,12,0.0,0.0,0.0,14.916666666666666,14.916666666666666,14.916666666666666,14.916666666666666,1.0,1.0,1.0,1.0,0.0,0.0
73000037,12,0.0,-14.333333333333334,0.0,17.916666666666668,32.25,17.916666666666668,17.916666666666668,1.0,1.0,1.0,1.0,0.0,0.0
73000038,12,0.5,-8.0,0.008119079837618403,206.66666666666666,69.58333333333333,61.583333333333336,62.083333333333336,1.0,1.0,1.0,1.0,0.0,0.0
73000039,12,0.0,-3.0833333333333335,0.0,1368.9166666666667,79.25,76.16666666666667,76.16666666666667,0.75,1.0,1.0,1.0,0.0,0.0
73000040,12,0.0,-3.4166666666666665,0.0,483.0833333333333,33.333333333333336,29.916666666666668,29.916666666666668,1.0,1.0,1.0,1.0,0.0,0.0
73000041,12,0.0,0.0,0.0,15.333333333333334,15.333333333333334,15.333333333333334,15.333333333333334,1.0,1.0,1.0,1.0,0.0,0.0
73000042,12,0.0,0.0,0.0,14.916666666666666,14.916666666666666,14.916666666666666,14.916666666666666,1.0,1.0,1.0,1.0,0.0,0.0
73000043,12,-2.0,-29.083333333333332,-0.0038247011952191236,1609.25,552.0,522.9166666666666,520.9166666666666,0.75,1.0,1.0,1.0,0.0,0.0
73000044,12,0.0,2.0,0.0,267.8333333333333,20.5,22.5,22.5,1.0,1.0,1.0,1.0,0.0,0.0
73000045,12,0.0,-3.6666666666666665,0.0,2119.0833333333335,94.08333333333333,90.41666666666667,90.41666666666667,0.5833333333333334,1.0,1.0,1.0,0.0,0.0
73000046,12,0.0,0.0,0.0,9.166666666666666,9.166666666666666,9.166666666666666,9.166666666666666,1.0,1.0,1.0,1.0,0.0,0.0
73000047,12,-0.5833333333333334,3.4166666666666665,-0.0037940379403794042,179.58333333333334,150.33333333333334,153.75,153.16666666666666,1.0,1.0,1.0,1.0,0.0,0.0
73000048,12,0.0,0.0,0.0,11.0,11.0,11.0,11.0,1.0,1.0,1.0,1.0,0.0,0.0
73000049,12,0.0,0.0,0.0,14.666666666666666,14.666666666666666,14.666666666666666,14.666666666666666,1.0,1.0,1.0,1.0,0.0,0.0
73000050,12,5.416666666666667,-55.333333333333336,0.022329096530401923,383.6666666666667,297.9166666666667,242.58333333333334,248.0,1.0,1.0,1.0,1.0,0.0,0.0
73000051,12,-0.6666666666666666,-38.166666666666664,-0.005270092226613965,212.58333333333334,164.66666666666666,126.5,125.83333333333333,1.0,1.0,1.0,1.0,0.0,0.0
73000052,12,0.0,10.083333333333334,0.0,1402.75,192.5,202.58333333333334,202.58333333333334,0.8333333333333334,1.0,1.0,1.0,0.0,0.0
73000053,12,0.0,0.0,0.0,16.75,16.75,16.75,16.75,1.0,1.0,1.0,1.0,0.0,0.0
73000054,12,0.0,0.0,0.0,12.166666666666666,12.166666666666666,12.166666666666666,12.166666666666666,1.0,1.0,1.0,1.0,0.0,0.0
73000055,12,-10.583333333333334,-2.9166666666666665,-0.08657123381049762,633.75,125.16666666666667,122.25,111.66666666666667,1.0,1.0,1.0,1.0,0.0,0.0
73000056,12,-16.0,-211.25,-0.022333372106548798,2153.25,927.6666666666666,716.4166666666666,700.4166666666666,0.8333333333333334,1.0,1.0,1.0,0.0,0.0
73000057,12,0.0,0.0,0.0,14.333333333333334,14.333333333333334,14.333333333333334,14.333333333333334,1.0,1.0,1.0,1.0,0.0,0.0
73000058,12,0.0,-49.25,0.0,1756.25,289.3333333333333,240.08333333333334,240.08333333333334,0.6666666666666666,1.0,1.0,1.0,0.0,0.0
73000059,12,0.0,0.0,0.0,9.833333333333334,9.833333333333334,9.833333333333334,9.833333333333334,1.0,1.0,1.0,1.0,0.0,0.0
73000060,12,0.3333333333333333,0.25,0.0006194827319188477,516.4166666666666,537.8333333333334,538.0833333333334,538.4166666666666,0.9166666666666666,0.9166666666666666,0.9166666666666666,0.9166666666666666,0.0,0.0
73000061,12,0.0,0.0,0.0,12.083333333333334,12.083333333333334,12.083333333333334,12.083333333333334,1.0,1.0,1.0,1.0,0.0,0.0
73000062,12,0.0,0.0,0.0,12.666666666666666,12.666666666666666,12.666666666666666,12.666666666666666,1.0,1.0,1.0,1.0,0.0,0.0
73000063,12,0.0,0.0,0.0,10.333333333333334,10.333333333333334,10.333333333333334,10.333333333333334,1.0,1.0,1.0,1.0,0.0,0.0
73000064,12,0.16666666666666666,-35.166666666666664,0.0018315018315018315,1506.4166666666667,126.16666666666667,91.0,91.16666666666667,1.0,1.0,1.0,1.0,0.0,0.0
73000065,12,5.666666666666667,-123.0,0.02944997834560416,1612.6666666666667,315.4166666666667,192.41666666666666,198.08333333333334,0.9166666666666666,1.0,1.0,1.0,0.0,0.0
73000066,12,0.0,16.25,0.0,18.666666666666668,19.833333333333332,36.083333333333336,36.083333333333336,1.0,1.0,1.0,1.0,0.0,0.0
73000067,12,-1.0833333333333333,-16.333333333333332,-0.031476997578692496,351.25,50.75,34.416666666666664,33.333333333333336,1.0,1.0,1.0,1.0,0.0,0.0
73000068,12,-5.833333333333333,-1.1666666666666667,-0.029325513196480937,207.5,200.08333333333334,198.91666666666666,193.08333333333334,1.0,1.0,1.0,1.0,0.0,0.0
