seed,generic,current_task,oracle_source,oracle_direct
77000000,14.75,14.75,14.75,14.75
77000001,56.583333333333336,56.916666666666664,22.666666666666668,14.333333333333334
77000002,57.083333333333336,62.083333333333336,18.0,14.416666666666666
77000003,406.9166666666667,406.9166666666667,11.333333333333334,9.416666666666666
77000004,38.666666666666664,38.666666666666664,32.583333333333336,12.833333333333334
77000005,15.916666666666666,15.916666666666666,15.75,15.75
77000007,15.666666666666666,15.666666666666666,15.666666666666666,15.666666666666666
77000008,12.0,12.0,10.0,9.25
77000009,299.75,289.1666666666667,41.25,12.666666666666666
77000010,221.0,221.0,126.25,10.833333333333334
77000011,44.333333333333336,42.75,14.083333333333334,13.25
77000012,14.333333333333334,14.333333333333334,14.333333333333334,14.333333333333334
77000013,23.416666666666668,23.416666666666668,23.25,14.666666666666666
77000014,46.166666666666664,48.916666666666664,21.666666666666668,15.5
77000015,191.41666666666666,191.41666666666666,39.0,13.333333333333334
77000016,13.083333333333334,13.083333333333334,13.083333333333334,13.083333333333334
77000018,13.75,13.75,13.75,13.75
77000019,13.416666666666666,13.416666666666666,13.416666666666666,13.416666666666666
77000020,39.666666666666664,39.666666666666664,8.166666666666666,8.166666666666666
77000021,63.583333333333336,63.583333333333336,18.583333333333332,16.416666666666668
77000022,8.0,8.0,8.0,8.0
77000024,83.66666666666667,83.66666666666667,13.083333333333334,12.583333333333334
77000025,112.16666666666667,110.08333333333333,22.166666666666668,12.666666666666666
77000026,125.91666666666667,125.91666666666667,11.583333333333334,10.333333333333334
77000027,46.75,45.75,16.416666666666668,16.416666666666668
77000028,18.25,18.25,14.416666666666666,11.5
77000029,214.58333333333334,214.58333333333334,15.916666666666666,12.75
77000030,38.166666666666664,38.166666666666664,14.666666666666666,12.916666666666666
77000031,348.25,351.75,24.666666666666668,15.0
77000032,13.916666666666666,13.916666666666666,13.916666666666666,13.916666666666666
77000033,12.75,12.75,12.75,12.75
77000034,14.583333333333334,14.583333333333334,14.583333333333334,14.583333333333334
77000035,386.4166666666667,385.5833333333333,20.833333333333332,14.0
77000036,154.0,156.08333333333334,32.333333333333336,15.0
77000037,13.333333333333334,13.333333333333334,13.333333333333334,13.333333333333334
77000038,526.9166666666666,517.6666666666666,22.166666666666668,11.916666666666666
77000039,176.0,176.41666666666666,20.583333333333332,18.5
77000040,249.33333333333334,249.33333333333334,12.083333333333334,12.0
77000041,161.0,187.16666666666666,21.083333333333332,13.75
77000042,13.833333333333334,13.833333333333334,13.833333333333334,13.833333333333334
77000043,45.083333333333336,45.083333333333336,21.0,14.833333333333334
77000044,242.25,242.25,74.58333333333333,16.666666666666668
77000045,346.8333333333333,346.8333333333333,90.66666666666667,12.833333333333334
77000046,77.83333333333333,75.91666666666667,27.75,11.083333333333334
77000048,165.16666666666666,164.41666666666666,15.916666666666666,11.083333333333334
77000049,372.3333333333333,372.75,45.166666666666664,13.666666666666666
77000050,595.6666666666666,634.1666666666666,13.916666666666666,13.916666666666666
77000051,166.58333333333334,166.66666666666666,31.25,14.25
77000052,49.666666666666664,49.666666666666664,15.416666666666666,15.416666666666666
77000053,105.5,103.33333333333333,19.0,10.083333333333334
77000054,10.5,10.5,10.5,10.5
77000055,18.75,18.75,14.416666666666666,12.666666666666666
77000056,92.91666666666667,94.5,18.833333333333332,9.75
77000057,9.666666666666666,9.666666666666666,9.666666666666666,9.666666666666666
77000058,11.75,11.75,11.75,11.75
77000059,248.5,248.33333333333334,167.16666666666666,12.333333333333334
77000060,8.666666666666666,8.666666666666666,8.666666666666666,8.666666666666666
77000061,23.583333333333332,23.083333333333332,23.75,13.916666666666666
77000062,12.416666666666666,12.416666666666666,12.416666666666666,12.416666666666666
77000063,14.5,14.5,14.5,14.5
77000065,8.833333333333334,8.833333333333334,8.833333333333334,8.833333333333334
77000066,12.083333333333334,12.083333333333334,12.083333333333334,12.083333333333334
77000068,13.25,13.25,13.25,13.25
77000069,411.3333333333333,411.3333333333333,31.25,11.916666666666666
77000070,19.5,19.5,18.083333333333332,17.5
77000071,155.08333333333334,155.08333333333334,16.916666666666668,13.916666666666666
77000072,207.08333333333334,207.08333333333334,13.75,12.583333333333334
77000073,476.4166666666667,471.8333333333333,83.75,15.0
77000074,64.91666666666667,64.91666666666667,30.416666666666668,13.916666666666666
77000075,13.833333333333334,13.833333333333334,13.833333333333334,13.833333333333334
77000078,22.5,22.5,14.0,13.416666666666666
77000079,12.0,12.0,12.0,12.0
77000080,129.0,128.5,56.583333333333336,13.833333333333334
77000081,220.0,230.91666666666666,17.416666666666668,10.833333333333334
77000082,10.583333333333334,10.583333333333334,10.583333333333334,10.583333333333334
77000083,202.33333333333334,197.25,20.666666666666668,11.75
77000084,325.5833333333333,325.5833333333333,13.5,10.166666666666666
77000085,54.333333333333336,54.5,11.833333333333334,11.166666666666666
77000086,523.0833333333334,523.0833333333334,202.0,12.833333333333334
77000087,425.8333333333333,460.9166666666667,15.75,13.75
77000089,11.5,11.5,11.5,11.5
77000090,198.91666666666666,199.08333333333334,33.5,11.083333333333334
77000091,12.75,12.75,12.75,12.75
77000092,183.91666666666666,176.66666666666666,39.25,14.166666666666666
77000093,9.75,9.75,9.75,9.75
77000094,436.6666666666667,436.6666666666667,112.08333333333333,11.75
77000095,12.0,12.0,12.0,12.0
77000096,13.5,13.166666666666666,10.833333333333334,10.666666666666666
77000097,11.083333333333334,11.083333333333334,11.083333333333334,11.083333333333334
77000098,278.5,278.5,13.833333333333334,11.833333333333334
77000099,9.083333333333334,9.083333333333334,9.083333333333334,9.083333333333334
77000100,9.5,9.5,9.5,9.5
77000102,9.0,9.0,9.0,9.0
77000103,110.41666666666667,112.5,30.833333333333332,13.583333333333334
77000104,85.08333333333333,85.08333333333333,16.916666666666668,11.666666666666666
77000105,242.5,242.5,27.666666666666668,13.833333333333334
77000106,34.75,38.0,18.833333333333332,12.25
77000107,12.75,12.75,12.75,12.75
77000108,79.41666666666667,75.91666666666667,29.083333333333332,14.5
77000109,159.16666666666666,161.91666666666666,27.083333333333332,13.333333333333334
77000110,10.416666666666666,10.416666666666666,10.416666666666666,10.416666666666666
77000112,234.5,245.5,12.583333333333334,11.166666666666666
77000113,12.166666666666666,12.166666666666666,12.166666666666666,12.166666666666666
77000114,119.58333333333333,119.58333333333333,24.666666666666668,12.5
77000115,42.916666666666664,42.916666666666664,21.0,17.25
77000116,238.5,238.5,36.833333333333336,13.75
77000117,177.58333333333334,178.25,26.5,12.333333333333334
77000118,40.25,39.833333333333336,23.666666666666668,23.666666666666668
77000119,84.0,84.0,21.916666666666668,10.416666666666666
77000120,91.33333333333333,83.5,26.75,10.0
77000121,15.75,15.75,15.75,15.75
77000122,106.16666666666667,105.0,26.75,14.416666666666666
77000123,333.0,306.9166666666667,16.75,14.5
77000124,21.416666666666668,34.916666666666664,15.166666666666666,14.333333333333334
77000125,9.583333333333334,9.583333333333334,9.583333333333334,9.583333333333334
77000126,10.75,10.75,10.75,10.75
77000127,12.5,12.5,12.5,12.5
77000129,14.916666666666666,14.916666666666666,14.916666666666666,14.916666666666666
77000130,12.166666666666666,12.166666666666666,12.166666666666666,12.166666666666666
77000131,85.58333333333333,82.83333333333333,14.083333333333334,12.833333333333334
77000133,36.0,19.666666666666668,15.916666666666666,15.25
77000134,10.833333333333334,10.833333333333334,10.833333333333334,10.833333333333334
77000136,16.333333333333332,16.333333333333332,16.333333333333332,16.333333333333332
77000137,186.41666666666666,186.08333333333334,23.916666666666668,11.333333333333334
77000138,26.166666666666668,25.25,24.333333333333332,11.166666666666666
77000139,11.166666666666666,11.166666666666666,11.166666666666666,11.166666666666666
77000140,12.083333333333334,12.083333333333334,12.083333333333334,12.083333333333334
77000141,13.333333333333334,13.333333333333334,13.333333333333334,13.333333333333334
77000142,222.75,223.16666666666666,28.416666666666668,11.5
77000143,64.08333333333333,62.416666666666664,24.25,17.083333333333332
77000144,138.0,137.0,46.416666666666664,17.0
77000145,11.416666666666666,11.416666666666666,11.416666666666666,11.416666666666666
77000146,268.5,267.3333333333333,9.833333333333334,9.75
77000147,410.5833333333333,410.5833333333333,12.25,12.0
77000148,18.75,18.75,18.75,18.75
77000149,114.41666666666667,113.91666666666667,11.5,11.5
77000150,14.416666666666666,14.416666666666666,14.416666666666666,14.416666666666666
77000151,12.833333333333334,12.833333333333334,12.833333333333334,12.833333333333334
77000152,122.5,121.91666666666667,44.5,12.833333333333334
77000153,229.66666666666666,235.5,13.0,8.666666666666666
77000154,10.75,10.75,10.75,10.75
77000155,9.916666666666666,9.916666666666666,9.916666666666666,9.916666666666666
77000156,70.83333333333333,73.66666666666667,14.833333333333334,11.333333333333334
77000157,31.0,32.75,41.0,16.416666666666668
77000158,689.25,672.6666666666666,35.75,11.666666666666666
77000159,72.16666666666667,72.16666666666667,20.75,14.416666666666666
77000160,225.75,224.33333333333334,20.916666666666668,13.333333333333334
77000161,55.833333333333336,55.833333333333336,34.25,13.916666666666666
77000162,10.666666666666666,10.666666666666666,10.666666666666666,10.666666666666666
77000163,13.833333333333334,13.833333333333334,13.833333333333334,13.833333333333334
77000164,8.666666666666666,8.666666666666666,8.666666666666666,8.666666666666666
77000165,45.75,48.333333333333336,23.666666666666668,14.75
77000166,13.416666666666666,13.416666666666666,13.416666666666666,13.416666666666666
77000167,10.083333333333334,10.083333333333334,10.083333333333334,10.083333333333334
77000168,83.83333333333333,83.83333333333333,23.583333333333332,15.083333333333334
77000169,98.83333333333333,98.83333333333333,51.916666666666664,14.083333333333334
77000170,19.0,16.666666666666668,13.583333333333334,12.333333333333334
77000171,240.25,239.91666666666666,17.25,13.416666666666666
77000172,35.25,35.25,21.833333333333332,15.75
77000173,14.083333333333334,14.083333333333334,14.083333333333334,14.083333333333334
77000175,118.33333333333333,120.25,24.416666666666668,12.0
77000176,10.666666666666666,10.666666666666666,10.666666666666666,10.333333333333334
77000177,413.3333333333333,449.9166666666667,19.5,15.083333333333334
77000179,152.66666666666666,149.08333333333334,14.333333333333334,13.666666666666666
77000180,306.75,305.9166666666667,32.333333333333336,11.666666666666666
77000181,11.25,11.25,11.25,11.25
77000182,127.41666666666667,127.41666666666667,44.25,14.25
77000183,49.916666666666664,49.916666666666664,17.333333333333332,14.166666666666666
77000184,140.0,140.0,14.5,11.416666666666666
77000185,99.5,96.83333333333333,13.416666666666666,11.083333333333334
77000187,12.25,12.25,12.25,12.25
77000188,190.16666666666666,190.16666666666666,29.75,16.083333333333332
77000189,12.833333333333334,12.833333333333334,12.833333333333334,12.833333333333334
77000190,13.666666666666666,13.666666666666666,13.666666666666666,13.666666666666666
77000191,122.16666666666667,120.16666666666667,45.5,15.75
77000192,8.75,8.75,8.75,8.75
77000193,77.33333333333333,77.33333333333333,14.583333333333334,11.5
77000194,17.333333333333332,17.333333333333332,16.666666666666668,14.583333333333334
77000195,11.5,11.5,11.5,11.5
77000196,12.166666666666666,12.166666666666666,12.166666666666666,12.166666666666666
77000197,62.583333333333336,62.583333333333336,13.333333333333334,13.333333333333334
77000198,16.166666666666668,16.166666666666668,16.166666666666668,16.166666666666668
77000199,82.58333333333333,75.33333333333333,19.583333333333332,12.083333333333334
77000200,9.333333333333334,9.333333333333334,9.333333333333334,9.333333333333334
77000201,10.583333333333334,10.583333333333334,10.583333333333334,10.583333333333334
77000202,266.5,266.0833333333333,17.25,15.166666666666666
77000203,303.9166666666667,303.9166666666667,20.0,11.166666666666666
77000205,14.083333333333334,14.083333333333334,14.083333333333334,14.083333333333334
77000206,35.333333333333336,35.916666666666664,17.583333333333332,13.5
77000207,64.33333333333333,54.75,14.0,12.833333333333334
77000208,9.666666666666666,9.666666666666666,9.666666666666666,9.666666666666666
77000209,47.0,47.0,34.0,13.0
77000210,13.416666666666666,13.416666666666666,13.416666666666666,13.416666666666666
77000212,27.583333333333332,29.5,16.666666666666668,14.75
77000213,101.08333333333333,101.08333333333333,20.083333333333332,11.75
77000214,130.75,130.75,24.916666666666668,15.25
77000215,12.583333333333334,12.583333333333334,12.583333333333334,12.583333333333334
77000216,51.5,51.5,15.833333333333334,12.5
77000217,23.416666666666668,22.75,16.916666666666668,13.833333333333334
77000218,10.333333333333334,10.333333333333334,10.333333333333334,10.333333333333334
77000220,27.5,27.5,21.75,14.083333333333334
77000221,37.333333333333336,37.333333333333336,20.333333333333332,15.5
77000223,343.3333333333333,335.3333333333333,57.25,19.166666666666668
77000224,206.91666666666666,206.91666666666666,33.833333333333336,15.333333333333334
77000225,80.83333333333333,74.5,67.58333333333333,15.166666666666666
77000227,173.33333333333334,173.33333333333334,15.25,15.166666666666666
77000229,14.0,14.0,14.0,14.0
77000230,535.4166666666666,567.1666666666666,15.583333333333334,12.666666666666666
77000231,197.41666666666666,197.41666666666666,13.083333333333334,12.166666666666666
77000232,139.16666666666666,139.16666666666666,15.333333333333334,14.0
77000233,125.91666666666667,123.0,15.0,14.75
77000234,14.083333333333334,14.083333333333334,14.083333333333334,14.083333333333334
77000235,54.333333333333336,56.25,34.916666666666664,18.833333333333332
77000236,10.083333333333334,10.083333333333334,10.083333333333334,10.083333333333334
77000237,123.33333333333333,124.08333333333333,29.833333333333332,10.666666666666666
77000238,11.833333333333334,11.833333333333334,11.833333333333334,11.833333333333334
77000239,119.33333333333333,127.91666666666667,18.083333333333332,13.166666666666666
77000240,12.75,12.75,12.75,12.75
77000241,84.75,84.75,57.0,14.416666666666666
77000242,12.833333333333334,12.833333333333334,12.833333333333334,12.833333333333334
77000243,16.833333333333332,16.833333333333332,15.0,13.5
77000244,12.0,12.0,12.0,12.0
77000245,297.8333333333333,297.8333333333333,17.5,16.166666666666668
77000246,18.583333333333332,18.583333333333332,17.083333333333332,16.916666666666668
77000247,159.66666666666666,160.58333333333334,18.333333333333332,16.083333333333332
77000248,11.333333333333334,11.333333333333334,11.333333333333334,11.333333333333334
77000250,71.75,71.75,42.25,13.25
77000251,14.25,14.25,14.25,14.25
77000252,12.25,12.25,12.25,12.25
77000253,39.916666666666664,38.083333333333336,27.083333333333332,12.583333333333334
77000254,421.75,409.0,13.333333333333334,11.0
77000255,39.916666666666664,47.416666666666664,16.0,13.333333333333334
77000257,512.75,512.75,12.416666666666666,11.083333333333334
77000259,11.0,11.0,11.0,11.0
77000260,108.91666666666667,108.91666666666667,21.75,13.916666666666666
77000261,12.583333333333334,12.583333333333334,12.583333333333334,12.583333333333334
77000262,11.583333333333334,11.583333333333334,11.583333333333334,11.583333333333334
77000263,11.25,11.25,11.25,11.25
77000264,12.833333333333334,12.833333333333334,12.833333333333334,12.833333333333334
77000265,260.5833333333333,265.0,35.833333333333336,12.333333333333334
77000266,9.833333333333334,9.833333333333334,9.833333333333334,9.833333333333334
77000267,48.083333333333336,46.75,36.0,17.583333333333332
77000268,82.0,77.66666666666667,20.916666666666668,12.916666666666666
77000269,330.5833333333333,329.25,119.33333333333333,10.75
77000270,9.0,9.0,9.0,9.0
77000271,131.08333333333334,130.58333333333334,32.333333333333336,11.0
77000272,55.833333333333336,56.083333333333336,15.666666666666666,13.416666666666666
77000273,8.583333333333334,8.583333333333334,8.583333333333334,8.583333333333334
77000274,55.25,54.083333333333336,30.333333333333332,22.416666666666668
77000275,62.0,62.0,15.25,11.083333333333334
77000276,13.5,13.5,13.5,13.5
77000277,373.1666666666667,368.0,17.083333333333332,13.916666666666666
77000278,9.25,9.25,9.25,9.25
