seed,method,control,accepted_edits,iterations,success_rate,random_success_rate,strategic_gap,mean_actions_to_goal,state_coverage,edge_coverage,unique_successful_trajectories,action_entropy,repeated_loop_rate,dead_end_rate,unexplored_regions,goal_reuse_rate,successes,trials,initial_exploration_known_states,final_exploration_known_pairs,virtual_solve_cpu_seconds,evaluation_cpu_seconds,total_cpu_seconds,wall_seconds,peak_process_memory_bytes
79020000,frontier_t0,targeted,3,20,1.0,0.0,1.0,11.0,431,1934,1,0.684,0.0,0.0,72,1.0,50,50,293,1911,0.0,183.96875,231.65625,233.49394960000006,87990272
79020000,frontier_t0,random_mutation,2,20,1.0,0.02,0.98,11.0,406,1887,1,0.684,0.0,0.0,71,1.0,50,50,293,1307,0.0,211.34375,256.5625,258.9027463,87990272
79020000,structural,targeted,3,20,1.0,0.04,0.96,11.0,409,1817,1,0.684,0.0,0.0,73,1.0,50,50,283,1513,0.0,4.96875,50.078125,50.341046300000016,88813568
79020000,structural,random_mutation,2,20,1.0,0.02,0.98,11.0,421,1943,1,0.684,0.0,0.0,71,1.0,50,50,283,1222,0.0,5.15625,52.296875,52.66656090000001,91877376
79020000,virtual_frontier,targeted,3,20,1.0,0.0,1.0,11.0,440,1993,1,0.684,0.0,0.0,72,0.0,50,50,288,1939,8.671875,259.09375,308.78125,311.88636899999995,92737536
79020000,virtual_frontier,random_mutation,1,20,1.0,0.0,1.0,11.0,377,1701,1,0.684,0.0,0.0,70,1.0,50,50,288,1221,7.453125,279.6875,323.875,329.3515606000001,92737536
79020001,frontier_t0,targeted,4,20,1.0,0.1,0.9,7.0,427,1757,1,0.863,0.0,0.0,76,1.0,50,50,439,1757,0.0,178.109375,218.46875,219.78292900000002,86519808
79020001,frontier_t0,random_mutation,2,20,1.0,0.1,0.9,8.0,375,1688,1,0.954,0.0,0.0,73,1.0,50,50,439,1626,0.0,175.265625,210.25,211.93071439999994,86519808
79020001,structural,targeted,2,20,1.0,0.14,0.86,7.0,389,1630,1,0.863,0.0,0.0,75,1.0,50,50,440,1648,0.0,4.890625,52.359375,52.68865490000002,87478272
79020001,structural,random_mutation,2,20,1.0,0.1,0.9,8.0,460,1737,1,0.954,0.0,0.0,73,1.0,50,50,440,1438,0.0,4.859375,48.546875,48.93166170000001,91721728
79020001,virtual_frontier,targeted,5,20,1.0,0.18,0.82,7.0,409,1689,1,0.863,0.0,0.0,76,1.0,50,50,411,1649,5.828125,254.84375,293.78125,295.5302385,91979776
79020001,virtual_frontier,random_mutation,2,20,1.0,0.14,0.86,8.0,462,1722,1,0.954,0.0,0.0,74,1.0,50,50,411,1425,5.125,246.40625,283.296875,285.1819716,91979776
79020002,frontier_t0,targeted,4,20,1.0,0.02,0.98,29.0,390,1778,1,1.787,0.0,0.0,55,0.0,50,50,304,1518,0.0,222.359375,265.34375,267.1835397,88145920
79020002,frontier_t0,random_mutation,3,20,1.0,0.2,0.8,6.0,544,2097,1,0.65,0.0,0.0,75,1.0,50,50,304,1592,0.0,221.703125,270.265625,272.8822649,88145920
79020002,structural,targeted,3,20,1.0,0.4,0.6,3.0,465,1993,1,0.918,0.0,0.0,76,1.0,50,50,431,1993,0.0,5.046875,55.875,56.215564,89251840
79020002,structural,random_mutation,4,20,1.0,0.08,0.92,21.0,508,1922,1,1.75,0.0,0.0,63,1.0,50,50,431,1699,0.0,5.125,53.375,53.97851979999999,91922432
79020002,virtual_frontier,targeted,2,20,1.0,0.34,0.66,18.0,243,1023,1,1.772,0.0,0.0,63,1.0,50,50,409,1023,7.765625,274.203125,325.859375,328.5513601,93392896
79020002,virtual_frontier,random_mutation,4,20,1.0,0.04,0.96,21.0,582,2073,1,1.75,0.0,0.0,64,1.0,50,50,409,2000,8.15625,263.828125,319.15625,321.9658985,93392896
79020003,frontier_t0,targeted,5,20,1.0,0.12,0.88,32.0,274,1165,1,1.627,0.0,0.0,55,1.0,50,50,2,1165,0.0,153.703125,181.5,182.3622468,86573056
79020003,frontier_t0,random_mutation,2,20,1.0,0.0,1.0,15.0,227,1041,1,1.689,0.0,0.0,67,1.0,50,50,2,954,0.0,197.765625,227.921875,229.2958387,86573056
79020003,structural,targeted,5,20,1.0,0.12,0.88,32.0,259,1112,1,1.627,0.0,0.0,55,1.0,50,50,2,1116,0.0,6.3125,34.484375,34.689128900000014,86704128
79020003,structural,random_mutation,2,20,1.0,0.0,1.0,15.0,227,1019,1,1.64,0.0,0.0,67,1.0,50,50,2,1031,0.0,5.9375,35.640625,35.80512730000001,91348992
79020003,virtual_frontier,targeted,5,20,1.0,0.12,0.88,32.0,273,1154,1,1.627,0.0,0.0,55,1.0,50,50,2,1162,3.171875,237.40625,267.015625,268.4950405000004,90566656
79020003,virtual_frontier,random_mutation,2,20,1.0,0.0,1.0,15.0,244,1082,1,1.64,0.0,0.0,67,1.0,50,50,2,1015,3.953125,325.078125,356.140625,358.29886689999967,90566656
79020004,frontier_t0,targeted,0,20,0.0,0.1,-0.1,100.0,293,1303,0,2.322,0.99,1.0,76,1.0,0,50,293,1317,0.0,244.671875,293.21875,294.6752550000001,88084480
79020004,frontier_t0,random_mutation,3,20,1.0,0.02,0.98,21.0,252,1080,1,1.545,0.0,0.0,64,1.0,50,50,293,1090,0.0,253.390625,288.609375,290.2330105000001,88084480
79020004,structural,targeted,0,20,0.0,0.1,-0.1,100.0,447,1715,0,2.322,0.99,1.0,76,1.0,0,50,447,1768,0.0,7.859375,65.9375,66.2572601,89911296
79020004,structural,random_mutation,3,20,1.0,0.0,1.0,19.0,342,1447,1,1.799,0.0,0.0,63,1.0,50,50,447,1498,0.0,5.125,53.21875,53.543346199999974,90660864
79020004,virtual_frontier,targeted,0,20,0.0,0.1,-0.1,100.0,448,1716,0,2.322,0.99,1.0,76,1.0,0,50,448,1764,8.203125,269.609375,331.65625,334.0541511,94883840
79020004,virtual_frontier,random_mutation,3,20,1.0,0.18,0.82,6.0,573,2165,1,0.918,0.0,0.0,75,1.0,50,50,448,2175,7.796875,278.046875,333.59375,336.34870090000004,94883840
79020005,frontier_t0,targeted,1,20,1.0,0.04,0.96,11.0,415,1946,2,1.539,0.0,0.0,68,1.0,50,50,417,1458,0.0,146.109375,182.6875,183.3314659,87216128
79020005,frontier_t0,random_mutation,2,20,1.0,0.04,0.96,13.0,400,1862,2,1.549,0.0,0.0,67,1.0,50,50,417,1862,0.0,137.671875,177.625,178.55355680000002,87216128
79020005,structural,targeted,0,20,1.0,0.04,0.96,11.0,337,1277,2,1.539,0.0,0.0,69,1.0,50,50,337,1345,0.0,4.78125,46.453125,46.8298302,86196224
79020005,structural,random_mutation,2,20,1.0,0.02,0.98,13.0,367,1493,2,1.549,0.0,0.0,68,1.0,50,50,337,1160,0.0,5.28125,50.234375,50.57101209999999,92475392
79020005,virtual_frontier,targeted,0,20,1.0,0.04,0.96,11.0,391,1629,2,1.539,0.0,0.0,69,1.0,50,50,391,1089,5.71875,383.78125,421.34375,424.4617244,90521600
79020005,virtual_frontier,random_mutation,1,20,1.0,0.04,0.96,11.0,399,1685,2,1.539,0.0,0.0,70,1.0,50,50,391,1264,7.15625,319.640625,367.109375,370.6843828,90521600
79020006,frontier_t0,targeted,5,20,1.0,0.02,0.98,26.0,489,2065,1,1.87,0.0,0.0,61,1.0,50,50,410,1623,0.0,210.890625,263.171875,264.87730480000005,87920640
79020006,frontier_t0,random_mutation,1,20,1.0,0.14,0.86,26.0,417,1729,1,1.87,0.0,0.0,58,1.0,50,50,410,1729,0.0,229.5625,274.234375,275.79082459999995,87920640
79020006,structural,targeted,5,20,1.0,0.2,0.8,27.0,491,1878,1,1.946,0.0,0.0,62,1.0,50,50,402,1871,0.0,4.28125,47.6875,47.896929700000015,89268224
79020006,structural,random_mutation,6,20,1.0,0.08,0.92,18.0,426,1747,1,1.765,0.0,0.0,65,1.0,50,50,402,1747,0.0,3.78125,41.5625,41.98187489999998,93188096
79020006,virtual_frontier,targeted,5,20,1.0,0.22,0.78,24.0,472,1821,1,1.933,0.0,0.0,66,1.0,50,50,313,1807,6.734375,244.015625,288.453125,290.1700452,94023680
79020006,virtual_frontier,random_mutation,2,20,1.0,0.2,0.8,25.0,429,1806,1,1.957,0.0,0.0,62,1.0,50,50,313,1521,6.328125,249.4375,289.515625,291.72450399999997,94023680
79020007,frontier_t0,targeted,2,20,1.0,0.1,0.9,13.0,414,1764,1,1.239,0.0,0.0,68,1.0,50,50,397,1749,0.0,243.234375,290.890625,292.5735031,87339008
79020007,frontier_t0,random_mutation,2,20,1.0,0.14,0.86,13.0,471,1805,1,1.239,0.0,0.0,67,1.0,50,50,397,1046,0.0,255.078125,295.71875,298.6850727,87339008
79020007,structural,targeted,1,20,1.0,0.08,0.92,13.0,368,1469,1,1.239,0.0,0.0,67,1.0,50,50,377,1454,0.0,5.234375,50.890625,51.18830679999999,88473600
79020007,structural,random_mutation,3,20,1.0,0.14,0.86,13.0,507,1913,1,1.296,0.0,0.0,67,1.0,50,50,377,967,0.0,5.109375,47.90625,48.118520200000006,92393472
79020007,virtual_frontier,targeted,3,20,1.0,0.08,0.92,13.0,446,1784,1,1.239,0.0,0.0,68,1.0,50,50,402,1590,4.4375,161.578125,193.515625,194.40164049999998,92966912
79020007,virtual_frontier,random_mutation,2,20,1.0,0.06,0.94,32.0,484,1812,1,1.742,0.0,0.0,58,1.0,50,50,402,987,4.46875,172.75,203.46875,204.38045750000003,92966912
