seed,camera,H_status,V_status,implementation_error_pair,acquisition_environment_actions_H,acquisition_environment_actions_V,acquisition_environment_actions_V_minus_H,acquisition_exposure_sets_H,acquisition_exposure_sets_V,acquisition_exposure_sets_V_minus_H,acquisition_cpu_seconds_H,acquisition_cpu_seconds_V,acquisition_cpu_seconds_V_minus_H,acquisition_wall_seconds_H,acquisition_wall_seconds_V,acquisition_wall_seconds_V_minus_H,peak_memory_bytes_H,peak_memory_bytes_V,peak_memory_bytes_V_minus_H
97027000,base,RUN_NOT_COMPLETED_OLD_CLOSURE_LIMIT,INCOMPLETE_RESOURCE_LIMIT,False,9469,195103,185634,14648,500000,485352,272.015625,147.65625,-124.359375,273.7484757,148.86589859999998,-124.88257709999999,91754496,933552128,841797632
97027000,shifted,RUN_NOT_COMPLETED_OLD_CLOSURE_LIMIT,INCOMPLETE_RESOURCE_LIMIT,False,11864,173410,161546,12928,500000,487072,230.015625,104.578125,-125.4375,230.7840156,107.49364640000002,-123.29036919999999,122408960,852217856,729808896
97027001,base,RUN_NOT_COMPLETED_OLD_CLOSURE_LIMIT,INCOMPLETE_RESOURCE_LIMIT,False,12892,187678,174786,13856,499984,486128,304.078125,154.1875,-149.890625,306.489823,155.50586570000002,-150.9839573,92397568,892858368,800460800
97027001,shifted,RUN_NOT_COMPLETED_OLD_CLOSURE_LIMIT,INCOMPLETE_RESOURCE_LIMIT,False,21769,174280,152511,21216,500000,478784,653.15625,146.34375,-506.8125,658.0918557,147.43801510000003,-510.65384059999997,115478528,894828544,779350016
97027002,base,RUN_NOT_COMPLETED_OLD_CLOSURE_LIMIT,INCOMPLETE_RESOURCE_LIMIT,False,9571,202366,192795,14176,500000,485824,303.734375,138.296875,-165.4375,305.9527238,139.4917417,-166.4609821,95158272,916791296,821633024
97027002,shifted,RUN_NOT_COMPLETED_OLD_CLOSURE_LIMIT,INCOMPLETE_RESOURCE_LIMIT,False,15488,193890,178402,17136,500000,482864,197.96875,146.8125,-51.15625,198.6387347,147.99877759999998,-50.639957100000004,132136960,902524928,770387968
97027003,base,RUN_NOT_COMPLETED_OLD_CLOSURE_LIMIT,INCOMPLETE_RESOURCE_LIMIT,False,34887,191038,156151,19360,500000,480640,541.0625,112.78125,-428.28125,546.4217943000001,115.41454499999998,-431.0072493000001,134316032,934858752,800542720
97027003,shifted,RUN_NOT_COMPLETED_OLD_CLOSURE_LIMIT,INCOMPLETE_RESOURCE_LIMIT,False,16909,182186,165277,17280,499984,482704,750.234375,151.484375,-598.75,756.3522663,152.55122039999998,-603.8010459,126799872,958795776,831995904
97027004,base,RUN_NOT_COMPLETED_OLD_CLOSURE_LIMIT,INCOMPLETE_RESOURCE_LIMIT,False,10324,190506,180182,14528,500000,485472,428.90625,163.0,-265.90625,432.2911803,164.03431730000003,-268.25686299999995,83791872,1028952064,945160192
97027004,shifted,RUN_NOT_COMPLETED_OLD_CLOSURE_LIMIT,INCOMPLETE_RESOURCE_LIMIT,False,13892,178245,164353,14872,499984,485112,264.453125,154.359375,-110.09375,266.5034601,155.94126439999997,-110.56219570000002,94343168,969109504,874766336
97027005,base,RUN_NOT_COMPLETED_OLD_CLOSURE_LIMIT,INCOMPLETE_RESOURCE_LIMIT,False,16688,177095,160407,16160,500000,483840,185.15625,111.140625,-74.015625,186.18809059999998,113.89719120000001,-72.29089939999997,104767488,934854656,830087168
97027005,shifted,RUN_NOT_COMPLETED_OLD_CLOSURE_LIMIT,INCOMPLETE_RESOURCE_LIMIT,False,16913,173366,156453,15760,500000,484240,344.40625,132.953125,-211.453125,346.7549679,133.82015460000002,-212.93481329999997,93908992,774848512,680939520
97027006,base,RUN_NOT_COMPLETED_OLD_CLOSURE_LIMIT,INCOMPLETE_RESOURCE_LIMIT,False,11589,177828,166239,15968,499984,484016,276.296875,150.84375,-125.453125,278.50459369999993,151.9501779,-126.55441579999993,89755648,900706304,810950656
97027006,shifted,RUN_NOT_COMPLETED_OLD_CLOSURE_LIMIT,INCOMPLETE_RESOURCE_LIMIT,False,29379,171902,142523,25768,499984,474216,352.78125,141.4375,-211.34375,355.9679185,142.46832970000014,-213.49958879999986,115122176,805826560,690704384
97027007,base,RUN_NOT_COMPLETED_OLD_CLOSURE_LIMIT,INCOMPLETE_RESOURCE_LIMIT,False,8878,188708,179830,11904,499984,488080,381.859375,150.375,-231.484375,384.4731563,151.70562839999997,-232.76752790000006,92606464,895741952,803135488
97027007,shifted,RUN_NOT_COMPLETED_OLD_CLOSURE_LIMIT,INCOMPLETE_RESOURCE_LIMIT,False,25854,188015,162161,16608,500000,483392,301.265625,138.40625,-162.859375,303.5867511,139.57915029999998,-164.00760080000003,98664448,807129088,708464640
97027008,base,RUN_NOT_COMPLETED_OLD_CLOSURE_LIMIT,INCOMPLETE_RESOURCE_LIMIT,False,14199,182796,168597,16816,499984,483168,298.8125,164.0,-134.8125,301.0713903,164.94744909999986,-136.12394120000016,100016128,970108928,870092800
97027008,shifted,RUN_NOT_COMPLETED_OLD_CLOSURE_LIMIT,INCOMPLETE_RESOURCE_LIMIT,False,24091,172496,148405,20680,499984,479304,281.625,142.546875,-139.078125,283.7908135,143.4097398,-140.3810737,105467904,851623936,746156032
97027009,base,RUN_NOT_COMPLETED_OLD_CLOSURE_LIMIT,INCOMPLETE_RESOURCE_LIMIT,False,11707,215744,204037,16136,499984,483848,238.828125,156.1875,-82.640625,240.35258000000002,157.8531477,-82.49943230000002,104644608,969089024,864444416
97027009,shifted,RUN_NOT_COMPLETED_OLD_CLOSURE_LIMIT,INCOMPLETE_RESOURCE_LIMIT,False,17419,216308,198889,19768,500000,480232,341.765625,150.421875,-191.34375,344.44825660000004,151.61671030000002,-192.8315463,100007936,940531712,840523776
97027010,base,RUN_NOT_COMPLETED_OLD_CLOSURE_LIMIT,INCOMPLETE_RESOURCE_LIMIT,False,14924,243608,228684,15568,499984,484416,309.03125,160.65625,-148.375,312.33676779999996,162.15902499999999,-150.17774279999998,85934080,978948096,893014016
97027010,shifted,RUN_NOT_COMPLETED_OLD_CLOSURE_LIMIT,INCOMPLETE_RESOURCE_LIMIT,False,14404,175118,160714,18608,499984,481376,436.5,149.515625,-286.984375,439.96505519999994,150.6658272,-289.29922799999997,114462720,918114304,803651584
97027011,base,RUN_NOT_COMPLETED_OLD_CLOSURE_LIMIT,INCOMPLETE_RESOURCE_LIMIT,False,17379,184752,167373,16408,500000,483592,173.34375,148.28125,-25.0625,174.0460794,149.64986349999998,-24.396215900000016,105828352,855494656,749666304
97027011,shifted,RUN_NOT_COMPLETED_OLD_CLOSURE_LIMIT,INCOMPLETE_RESOURCE_LIMIT,False,20109,183076,162967,17968,499984,482016,327.53125,145.15625,-182.375,329.7198176,146.6685085,-183.0513091,98562048,826441728,727879680
97027012,base,RUN_NOT_COMPLETED_OLD_CLOSURE_LIMIT,INCOMPLETE_RESOURCE_LIMIT,False,14961,196708,181747,18816,500000,481184,262.03125,158.53125,-103.5,263.9790661,159.54656320000004,-104.43250289999997,94203904,956694528,862490624
97027012,shifted,RUN_NOT_COMPLETED_OLD_CLOSURE_LIMIT,INCOMPLETE_RESOURCE_LIMIT,False,12499,195956,183457,16528,500000,483472,205.828125,140.8125,-65.015625,207.71199750000002,141.87289149999998,-65.83910600000004,94720000,836034560,741314560
97027013,base,RUN_NOT_COMPLETED_OLD_CLOSURE_LIMIT,INCOMPLETE_RESOURCE_LIMIT,False,16396,173392,156996,14456,500000,485544,356.5,150.25,-206.25,358.3187552,151.5204972,-206.798258,110182400,881803264,771620864
97027013,shifted,RUN_NOT_COMPLETED_OLD_CLOSURE_LIMIT,INCOMPLETE_RESOURCE_LIMIT,False,14958,170059,155101,13520,500000,486480,344.21875,117.0625,-227.15625,345.6071912,119.25907510000002,-226.34811609999997,120492032,771600384,651108352
97027014,base,RUN_NOT_COMPLETED_OLD_CLOSURE_LIMIT,INCOMPLETE_RESOURCE_LIMIT,False,17816,198245,180429,14480,500000,485520,313.65625,147.578125,-166.078125,315.5314519,148.7234236,-166.8080283,89223168,868245504,779022336
97027014,shifted,RUN_NOT_COMPLETED_OLD_CLOSURE_LIMIT,INCOMPLETE_RESOURCE_LIMIT,False,18947,197246,178299,14384,500000,485616,251.0,134.4375,-116.5625,252.219974,135.8586457,-116.3613283,100978688,758505472,657526784
97027015,base,RUN_NOT_COMPLETED_OLD_CLOSURE_LIMIT,INCOMPLETE_RESOURCE_LIMIT,False,8628,223938,215310,13704,500000,486296,375.171875,160.15625,-215.015625,377.5801435,161.20478419999998,-216.37535930000004,92008448,940400640,848392192
97027015,shifted,RUN_NOT_COMPLETED_OLD_CLOSURE_LIMIT,INCOMPLETE_RESOURCE_LIMIT,False,15574,177822,162248,16848,499984,483136,512.515625,150.828125,-361.6875,516.1443944,152.01996580000002,-364.1244286,108318720,886198272,777879552
97027016,base,RUN_NOT_COMPLETED_OLD_CLOSURE_LIMIT,INCOMPLETE_RESOURCE_LIMIT,False,11099,194522,183423,13008,500000,486992,404.5625,150.8125,-253.75,406.96311420000006,151.99243760000002,-254.97067660000005,105046016,931061760,826015744
97027016,shifted,RUN_NOT_COMPLETED_OLD_CLOSURE_LIMIT,INCOMPLETE_RESOURCE_LIMIT,False,11169,190846,179677,13336,500000,486664,300.90625,137.78125,-163.125,302.55129750000003,139.68045289999998,-162.87084460000005,110600192,803045376,692445184
97027017,base,RUN_NOT_COMPLETED_OLD_CLOSURE_LIMIT,INCOMPLETE_RESOURCE_LIMIT,False,19047,235197,216150,17912,499984,482072,230.09375,156.921875,-73.171875,231.56703530000004,158.14551260000002,-73.42152270000003,106012672,963612672,857600000
97027017,shifted,RUN_NOT_COMPLETED_OLD_CLOSURE_LIMIT,INCOMPLETE_RESOURCE_LIMIT,False,14461,183666,169205,16480,500000,483520,503.203125,74.890625,-428.3125,506.65783709999994,76.88490279999996,-429.7729343,104382464,889692160,785309696
97027018,base,RUN_NOT_COMPLETED_OLD_CLOSURE_LIMIT,INCOMPLETE_UNRESOLVED_FIXED_POINT,False,8543,77354,68811,12584,229072,216488,595.34375,37.078125,-558.265625,600.8116429,38.15068010000002,-562.6609628,104087552,341843968,237756416
97027018,shifted,RUN_NOT_COMPLETED_OLD_CLOSURE_LIMIT,INCOMPLETE_RESOURCE_LIMIT,False,20939,169520,148581,20568,500000,479432,417.5,79.09375,-338.40625,422.65915930000006,80.58905399999999,-342.0701053000001,125243392,857354240,732110848
97027019,base,RUN_NOT_COMPLETED_OLD_CLOSURE_LIMIT,INCOMPLETE_RESOURCE_LIMIT,False,10261,193720,183459,14632,500000,485368,239.203125,150.75,-88.453125,241.36880879999998,151.7972255,-89.57158329999999,90722304,897675264,806952960
97027019,shifted,RUN_NOT_COMPLETED_OLD_CLOSURE_LIMIT,INCOMPLETE_RESOURCE_LIMIT,False,17390,186850,169460,19112,499984,480872,198.8125,147.28125,-51.53125,199.5731086,148.2277678999999,-51.34534070000012,131485696,899289088,767803392
97027020,base,RUN_NOT_COMPLETED_OLD_CLOSURE_LIMIT,INCOMPLETE_RESOURCE_LIMIT,False,11156,194242,183086,14280,500000,485720,302.71875,143.359375,-159.359375,304.5837125,144.83257329999998,-159.7511392,96968704,931819520,834850816
97027020,shifted,RUN_NOT_COMPLETED_OLD_CLOSURE_LIMIT,INCOMPLETE_RESOURCE_LIMIT,False,13173,193778,180605,15696,500000,484304,405.1875,143.15625,-262.03125,408.0618516999999,144.54400480000004,-263.5178468999999,112001024,813326336,701325312
97027021,base,RUN_NOT_COMPLETED_OLD_CLOSURE_LIMIT,INCOMPLETE_RESOURCE_LIMIT,False,11354,203322,191968,14928,499984,485056,327.0,116.078125,-210.921875,328.8820165,118.39431969999987,-210.48769680000015,95694848,988360704,892665856
97027021,shifted,RUN_NOT_COMPLETED_OLD_CLOSURE_LIMIT,INCOMPLETE_RESOURCE_LIMIT,False,34489,184679,150190,18872,499984,481112,440.015625,139.8125,-300.203125,442.95360600000004,141.0669628,-301.88664320000004,121090048,822468608,701378560
97027022,base,RUN_NOT_COMPLETED_OLD_CLOSURE_LIMIT,INCOMPLETE_RESOURCE_LIMIT,False,19315,178736,159421,16840,499984,483144,564.96875,148.75,-416.21875,569.3547477,150.06366000000003,-419.29108769999993,118870016,890781696,771911680
97027022,shifted,RUN_NOT_COMPLETED_OLD_CLOSURE_LIMIT,INCOMPLETE_RESOURCE_LIMIT,False,17324,170251,152927,15288,500000,484712,364.640625,139.234375,-225.40625,367.32132049999996,140.24969650000003,-227.07162399999993,92106752,800247808,708141056
97027023,base,RUN_NOT_COMPLETED_OLD_CLOSURE_LIMIT,INCOMPLETE_RESOURCE_LIMIT,False,15574,176569,160995,15648,500000,484352,302.1875,153.171875,-149.015625,305.2201848,154.3146837000004,-150.90550109999964,95772672,923971584,828198912
97027023,shifted,RUN_NOT_COMPLETED_OLD_CLOSURE_LIMIT,INCOMPLETE_RESOURCE_LIMIT,False,17882,171633,153751,13584,500000,486416,518.84375,129.640625,-389.203125,523.2976203000001,132.2892898,-391.00833050000006,117436416,917127168,799690752
97027024,base,RUN_NOT_COMPLETED_OLD_CLOSURE_LIMIT,INCOMPLETE_RESOURCE_LIMIT,False,12502,177025,164523,13904,500000,486096,237.796875,154.984375,-82.8125,239.53208610000001,156.39963290000003,-83.13245319999999,93646848,933982208,840335360
97027024,shifted,RUN_NOT_COMPLETED_OLD_CLOSURE_LIMIT,INCOMPLETE_RESOURCE_LIMIT,False,22542,172932,150390,20760,500000,479240,152.265625,144.546875,-7.71875,152.6506489,145.99178270000004,-6.658866199999949,116154368,867651584,751497216
97027025,base,RUN_NOT_COMPLETED_OLD_CLOSURE_LIMIT,INCOMPLETE_RESOURCE_LIMIT,False,18924,183772,164848,14824,499984,485160,344.375,153.328125,-191.046875,346.65284540000005,154.4564702,-192.19637520000003,91226112,925880320,834654208
97027025,shifted,IMPLEMENTATION_ERROR,INCOMPLETE_RESOURCE_LIMIT,True,2759,182014,179255,4288,500000,495712,2.875,141.453125,138.578125,2.957323599999995,142.47647640000002,139.51915280000003,58040320,839282688,781242368
97027026,base,RUN_NOT_COMPLETED_OLD_CLOSURE_LIMIT,INCOMPLETE_RESOURCE_LIMIT,False,16196,200773,184577,15992,500000,484008,353.265625,114.71875,-238.546875,356.35094649999996,117.19340620000003,-239.15754029999994,96796672,936361984,839565312
97027026,shifted,RUN_NOT_COMPLETED_OLD_CLOSURE_LIMIT,INCOMPLETE_RESOURCE_LIMIT,False,16829,178021,161192,18648,499984,481336,260.078125,146.1875,-113.890625,261.9065527,147.4069783,-114.49957440000003,128421888,886800384,758378496
97027027,base,RUN_NOT_COMPLETED_OLD_CLOSURE_LIMIT,INCOMPLETE_RESOURCE_LIMIT,False,15886,178710,162824,13456,500000,486544,384.984375,146.84375,-238.140625,387.3495876,147.91425660000002,-239.435331,91484160,863150080,771665920
97027027,shifted,RUN_NOT_COMPLETED_OLD_CLOSURE_LIMIT,INCOMPLETE_RESOURCE_LIMIT,False,6186,176500,170314,10384,500000,489616,268.125,114.0,-154.125,269.1697096000007,117.06420500000002,-152.1055046000007,88244224,735617024,647372800
97027028,base,RUN_NOT_COMPLETED_OLD_CLOSURE_LIMIT,INCOMPLETE_UNRESOLVED_FIXED_POINT,False,6499,12854,6355,11960,61072,49112,228.15625,9.125,-219.03125,228.9173807,9.343691000000007,-219.5736897,93667328,116551680,22884352
97027028,shifted,RUN_NOT_COMPLETED_OLD_CLOSURE_LIMIT,INCOMPLETE_RESOURCE_LIMIT,False,8074,212948,204874,12808,500000,487192,537.296875,154.71875,-382.578125,540.814364,155.91142339999988,-384.9029406000001,105103360,968839168,863735808
97027029,base,RUN_NOT_COMPLETED_OLD_CLOSURE_LIMIT,INCOMPLETE_RESOURCE_LIMIT,False,39858,181342,141484,27792,500000,472208,409.234375,151.703125,-257.53125,411.2244655999998,153.80461509999998,-257.4198504999998,165838848,868368384,702529536
97027029,shifted,RUN_NOT_COMPLETED_OLD_CLOSURE_LIMIT,INCOMPLETE_RESOURCE_LIMIT,False,35540,171752,136212,24472,499984,475512,435.78125,145.1875,-290.59375,438.00197900000006,146.6897835,-291.31219550000003,194543616,878108672,683565056
97027030,base,RUN_NOT_COMPLETED_OLD_CLOSURE_LIMIT,INCOMPLETE_UNRESOLVED_FIXED_POINT,False,10179,47204,37025,13112,161872,148760,381.734375,39.765625,-341.96875,384.6998704,40.0927671,-344.6071033,88588288,238956544,150368256
97027030,shifted,RUN_NOT_COMPLETED_OLD_CLOSURE_LIMIT,INCOMPLETE_RESOURCE_LIMIT,False,10411,220152,209741,15616,500000,484384,415.640625,146.703125,-268.9375,418.96053829999994,147.72673020000002,-271.2338080999999,106680320,887238656,780558336
97027031,base,RUN_NOT_COMPLETED_OLD_CLOSURE_LIMIT,INCOMPLETE_RESOURCE_LIMIT,False,17952,246603,228651,18232,500000,481768,220.921875,162.578125,-58.34375,221.87911539999993,163.75948630000002,-58.11962909999991,104550400,980094976,875544576
97027031,shifted,RUN_NOT_COMPLETED_OLD_CLOSURE_LIMIT,INCOMPLETE_RESOURCE_LIMIT,False,18189,181634,163445,19256,500000,480744,167.890625,155.953125,-11.9375,168.4856274,157.5728625,-10.912764899999985,109867008,964218880,854351872
