seed,camera,status,representative_count,suffix_count,membership_queries,initial_ambiguous_memberships,consistency_probes,new_states_created,resolved_by_resampling,probe_depth_1,probe_action_0,probe_action_1,probe_action_2,resolved_by_depth_1,probe_action_3,probe_action_4,probe_depth_2,unresolved_events,resolved_by_depth_2,comparisons,UNRESOLVED_comparisons,UNRESOLVED_certificates,DIFFERENT_comparisons,DIFFERENT_certificates,certificate_reuse,SAME_comparisons,SAME_certificates,remaining_unresolved,audit_candidate_set_checks,audit_true_class_unrepresented,audit_candidate_set_false_exclusion_count,audit_different_witness_checks,audit_spurious_split_witnesses,audit_suffix_witness_checks,audit_spurious_suffix_witnesses,audit_mean_candidate_size,audit_p95_candidate_size,audit_observed_assignment_false_merge_states,audit_true_classes,audit_represented_true_classes,audit_over_split,audit_false_exclusion_unit
97027000,base,INCOMPLETE_RESOURCE_LIMIT,43,27,848,846,3491,42,699,523,1097,1081,1066,2,1055,1044,2410,91,12,343333,333090,11715,5834,5834,925376,4409,4409,21,5517,1002,0,5834,0,27,0,9.616639477977161,37.0,16,192,43,0,"membership-stage snapshots, not independent histories"
97027000,shifted,INCOMPLETE_RESOURCE_LIMIT,45,22,456,454,4179,44,382,138,258,243,219,2,196,186,482,13,13,269348,258860,8310,6064,6064,227837,4424,4424,10,2030,242,0,6064,0,22,0,12.951724137931034,37.0,8,192,45,0,"membership-stage snapshots, not independent histories"
97027001,base,INCOMPLETE_RESOURCE_LIMIT,43,24,715,713,6047,42,644,133,237,219,203,2,187,169,441,10,15,307017,297521,10357,5942,5942,568272,3554,3554,4,2760,320,0,5942,0,24,0,14.793115942028985,38.0,8,200,43,0,"membership-stage snapshots, not independent histories"
97027001,shifted,INCOMPLETE_RESOURCE_LIMIT,45,21,635,634,5870,44,564,127,246,233,215,2,200,193,480,15,9,312165,301816,7300,6835,6835,501351,3514,3514,9,2554,268,0,6835,0,21,0,16.3159749412686,45.0,11,200,45,0,"membership-stage snapshots, not independent histories"
97027002,base,INCOMPLETE_RESOURCE_LIMIT,47,24,625,624,4830,46,511,332,683,661,647,3,639,634,1466,55,9,326140,316154,9506,6342,6342,424253,3644,3644,25,3718,528,0,6342,0,24,0,9.981710597095212,40.0,12,200,47,0,"membership-stage snapshots, not independent histories"
97027002,shifted,INCOMPLETE_RESOURCE_LIMIT,50,22,687,686,6249,49,594,215,423,413,398,3,395,380,897,32,9,314039,303245,6083,6873,6873,495374,3921,3921,8,3222,254,0,6873,0,22,0,13.225636250775915,44.0,10,200,50,0,"membership-stage snapshots, not independent histories"
97027003,base,INCOMPLETE_RESOURCE_LIMIT,47,24,702,700,3647,46,551,512,1091,1075,1060,3,1046,1032,2396,90,11,343834,334313,9883,6469,6469,647816,3052,3052,21,5060,683,0,6469,0,24,0,9.1,41.0,8,204,47,0,"membership-stage snapshots, not independent histories"
97027003,shifted,INCOMPLETE_RESOURCE_LIMIT,45,24,763,761,4609,44,674,211,408,399,377,2,360,349,841,27,14,358700,348653,8829,6823,6823,793208,3224,3224,7,3384,227,0,6823,0,24,0,14.55791962174941,44.0,6,204,45,0,"membership-stage snapshots, not independent histories"
97027004,base,INCOMPLETE_RESOURCE_LIMIT,49,29,721,719,2413,48,591,403,833,814,801,2,781,760,1793,63,15,421791,411328,12777,6701,6701,812686,3762,3762,14,4405,704,0,6701,0,29,0,10.879455164585698,43.0,10,204,49,0,"membership-stage snapshots, not independent histories"
97027004,shifted,INCOMPLETE_RESOURCE_LIMIT,52,22,621,619,4558,51,526,208,418,402,389,1,373,360,867,28,13,368616,357103,9651,7517,7517,538306,3996,3996,9,2988,447,0,7517,0,22,0,14.277777777777779,48.0,5,204,52,0,"membership-stage snapshots, not independent histories"
97027005,base,INCOMPLETE_RESOURCE_LIMIT,44,27,615,613,4448,43,509,304,628,618,608,2,593,567,1355,47,12,348236,338545,8488,6301,6301,499636,3390,3390,22,3545,272,0,6301,0,27,0,11.440056417489421,41.0,12,204,44,0,"membership-stage snapshots, not independent histories"
97027005,shifted,INCOMPLETE_RESOURCE_LIMIT,49,15,458,456,6171,48,395,61,84,69,56,3,46,40,117,2,8,196125,186456,5288,6455,6455,155432,3214,3214,1,1598,204,0,6455,0,15,0,16.496871088861077,45.0,3,204,49,0,"membership-stage snapshots, not independent histories"
97027006,base,INCOMPLETE_RESOURCE_LIMIT,48,24,609,607,5168,47,514,225,444,432,414,3,395,382,921,31,12,314926,304613,9511,6531,6531,440318,3782,3782,15,3019,373,0,6531,0,24,0,12.792646571712488,42.0,13,204,48,0,"membership-stage snapshots, not independent histories"
97027006,shifted,INCOMPLETE_RESOURCE_LIMIT,52,19,471,469,5956,51,408,55,92,83,67,,58,47,146,2,9,225846,215649,6193,6305,6305,172440,3892,3892,2,1665,314,0,6305,0,19,0,16.171771771771773,42.0,10,204,52,0,"membership-stage snapshots, not independent histories"
97027007,base,INCOMPLETE_RESOURCE_LIMIT,50,23,543,541,4696,49,441,257,530,522,512,1,505,500,1156,42,8,307920,298381,8223,6429,6429,285090,3110,3110,14,3090,282,0,6429,0,23,0,10.448867313915857,39.0,11,204,50,0,"membership-stage snapshots, not independent histories"
97027007,shifted,INCOMPLETE_RESOURCE_LIMIT,51,17,542,540,6569,50,477,69,125,119,104,1,93,88,230,6,7,225673,215644,5832,6558,6558,228895,3471,3471,2,1975,275,0,6558,0,17,0,15.171645569620253,42.0,6,204,51,0,"membership-stage snapshots, not independent histories"
97027008,base,INCOMPLETE_RESOURCE_LIMIT,44,25,753,751,4564,43,609,493,1059,1054,1044,2,1022,1004,2345,87,10,369109,358519,13795,6517,6517,740835,4073,4073,32,5139,256,0,6517,0,25,0,10.157618213660244,43.0,9,200,44,0,"membership-stage snapshots, not independent histories"
97027008,shifted,INCOMPLETE_RESOURCE_LIMIT,45,22,462,460,4655,44,397,100,161,147,129,1,107,96,270,5,14,270586,260868,6074,5919,5919,211591,3799,3799,3,1800,236,0,5919,0,22,0,14.407222222222222,38.0,7,200,45,0,"membership-stage snapshots, not independent histories"
97027009,base,INCOMPLETE_RESOURCE_LIMIT,44,26,889,887,3518,43,594,1245,2710,2708,2693,3,2679,2665,6105,239,8,361448,351533,9547,6226,6226,915163,3689,3689,40,10059,1284,0,6226,0,26,0,6.548861715876329,34.0,13,204,44,0,"membership-stage snapshots, not independent histories"
97027009,shifted,INCOMPLETE_RESOURCE_LIMIT,45,25,702,700,4216,44,511,721,1537,1527,1513,4,1496,1482,3417,131,11,342888,332755,9407,6232,6232,562896,3901,3901,34,6288,450,0,6232,0,25,0,7.360209923664122,40.0,13,204,45,0,"membership-stage snapshots, not independent histories"
97027010,base,INCOMPLETE_RESOURCE_LIMIT,46,27,702,700,4992,45,582,366,768,751,734,2,716,699,1651,59,12,365729,356023,10787,6067,6067,533788,3639,3639,18,4167,816,0,6067,0,27,0,9.531557475401968,39.0,9,194,46,0,"membership-stage snapshots, not independent histories"
97027010,shifted,INCOMPLETE_RESOURCE_LIMIT,48,22,630,628,4249,47,525,272,556,549,533,4,519,515,1200,43,9,332145,321199,8041,6901,6901,565539,4045,4045,13,3408,248,0,6901,0,22,0,12.51819248826291,44.0,7,194,48,0,"membership-stage snapshots, not independent histories"
97027011,base,INCOMPLETE_RESOURCE_LIMIT,50,18,571,569,5664,49,482,189,399,397,389,1,379,371,873,32,5,271783,261435,10751,6628,6628,328539,3720,3720,15,2823,256,0,6628,0,18,0,12.352107686857952,41.0,12,200,50,0,"membership-stage snapshots, not independent histories"
97027011,shifted,INCOMPLETE_RESOURCE_LIMIT,51,16,580,578,7216,50,516,59,108,102,96,1,82,79,204,6,5,245398,234820,6074,6846,6846,276821,3732,3732,1,2052,230,0,6846,0,16,0,16.897173489278753,42.0,8,200,51,0,"membership-stage snapshots, not independent histories"
97027012,base,INCOMPLETE_RESOURCE_LIMIT,46,24,842,840,6334,45,706,454,948,924,913,2,893,880,2052,76,11,353856,343513,10553,6615,6615,776995,3728,3728,19,5076,313,0,6615,0,24,0,10.85657998423956,43.0,7,196,46,0,"membership-stage snapshots, not independent histories"
97027012,shifted,INCOMPLETE_RESOURCE_LIMIT,42,20,661,659,7197,41,578,204,389,369,347,2,337,324,781,26,12,252621,242645,6255,5832,5832,375147,4144,4144,7,3007,223,0,5832,0,20,0,12.450615231127369,37.0,4,196,42,0,"membership-stage snapshots, not independent histories"
97027013,base,INCOMPLETE_RESOURCE_LIMIT,46,22,639,637,5780,45,563,138,266,258,239,2,224,211,530,15,12,298557,288773,7032,6666,6666,504762,3118,3118,6,2628,437,0,6666,0,22,0,15.757229832572298,43.0,10,200,46,0,"membership-stage snapshots, not independent histories"
97027013,shifted,INCOMPLETE_RESOURCE_LIMIT,45,12,657,655,9054,44,600,56,90,79,70,3,66,65,157,5,4,195042,184850,4150,7036,7036,371388,3156,3156,2,2228,203,0,7036,0,12,0,19.54488330341113,45.0,6,200,45,0,"membership-stage snapshots, not independent histories"
97027014,base,INCOMPLETE_RESOURCE_LIMIT,45,18,828,827,8750,44,754,147,274,263,256,2,237,231,557,19,8,280534,270133,8549,6858,6858,639366,3543,3543,7,3230,216,0,6858,0,18,0,15.777708978328173,45.0,9,200,45,0,"membership-stage snapshots, not independent histories"
97027014,shifted,INCOMPLETE_RESOURCE_LIMIT,47,13,657,656,9635,46,605,30,44,31,25,,21,21,56,1,5,178148,168742,4824,6235,6235,262858,3171,3171,1,2103,208,0,6235,0,13,0,16.600095102234903,38.0,8,200,47,0,"membership-stage snapshots, not independent histories"
97027015,base,INCOMPLETE_RESOURCE_LIMIT,43,25,865,863,6356,42,709,551,1151,1132,1115,4,1094,1075,2508,93,15,343877,333526,10636,6111,6111,755997,4240,4240,22,5701,1497,0,6111,0,25,0,9.057533766005964,40.0,12,200,43,0,"membership-stage snapshots, not independent histories"
97027015,shifted,INCOMPLETE_RESOURCE_LIMIT,49,24,435,433,3105,48,323,315,674,664,653,,644,624,1472,53,9,301336,291250,8066,6137,6137,212296,3949,3949,26,3139,399,0,6137,0,24,0,8.86046511627907,36.0,9,200,49,0,"membership-stage snapshots, not independent histories"
97027016,base,INCOMPLETE_RESOURCE_LIMIT,49,24,685,683,4582,48,596,192,357,345,325,3,312,301,724,23,13,340641,331432,8808,6436,6436,588626,2773,2773,7,3017,231,0,6436,0,24,0,13.392774279085184,40.0,7,194,49,0,"membership-stage snapshots, not independent histories"
97027016,shifted,INCOMPLETE_RESOURCE_LIMIT,48,16,701,699,9032,47,644,40,49,36,23,2,16,14,49,,7,222937,213324,4910,6624,6624,386720,2989,2989,0,2239,209,0,6624,0,16,0,17.97856185797231,41.0,6,194,48,0,"membership-stage snapshots, not independent histories"
97027017,base,INCOMPLETE_RESOURCE_LIMIT,42,27,930,928,7437,41,809,394,799,788,767,2,742,724,1713,60,16,349714,339893,8363,5878,5878,747720,3943,3943,13,4937,637,0,5878,0,27,0,10.442576463439336,38.0,11,204,42,0,"membership-stage snapshots, not independent histories"
97027017,shifted,INCOMPLETE_RESOURCE_LIMIT,51,21,577,574,5128,50,480,225,458,446,432,1,415,414,970,34,10,304490,294307,6174,6637,6637,374594,3546,3546,12,2973,230,0,6637,0,21,0,12.057181298351834,41.0,8,204,51,0,"membership-stage snapshots, not independent histories"
97027018,base,INCOMPLETE_UNRESOLVED_FIXED_POINT,16,20,453,451,4497,15,390,232,478,470,449,2,433,420,1009,35,10,52295,49456,2596,1053,1053,192761,1786,1786,11,2615,211,0,1053,0,20,0,5.74225621414914,16.0,7,204,16,0,"membership-stage snapshots, not independent histories"
97027018,shifted,INCOMPLETE_RESOURCE_LIMIT,45,21,484,482,3947,44,410,138,262,245,237,2,221,209,518,16,10,277122,266977,7143,6186,6186,312594,3959,3959,6,2151,206,0,6186,0,21,0,13.747559274755927,39.0,8,204,45,0,"membership-stage snapshots, not independent histories"
97027019,base,INCOMPLETE_RESOURCE_LIMIT,48,22,678,676,3895,47,498,662,1424,1404,1392,,1377,1369,3152,121,11,308958,299140,11488,6170,6170,537753,3648,3648,27,5895,976,0,6170,0,22,0,7.61696352841391,39.0,10,196,48,0,"membership-stage snapshots, not independent histories"
97027019,shifted,INCOMPLETE_RESOURCE_LIMIT,48,20,729,727,5969,47,600,398,840,821,804,1,786,777,1815,67,12,311290,300419,7393,6898,6898,596383,3973,3973,19,4446,383,0,6898,0,20,0,11.0944669365722,45.0,8,196,48,0,"membership-stage snapshots, not independent histories"
97027020,base,INCOMPLETE_RESOURCE_LIMIT,44,26,678,676,3631,43,474,802,1724,1716,1708,1,1693,1675,3857,148,11,341009,331077,12105,6017,6017,540498,3915,3915,38,6733,202,0,6017,0,26,0,7.018416753304619,39.0,8,204,44,0,"membership-stage snapshots, not independent histories"
97027020,shifted,INCOMPLETE_RESOURCE_LIMIT,44,17,679,678,7737,43,614,104,196,182,173,1,164,149,380,11,9,228743,218865,5762,6131,6131,402727,3747,3747,2,2562,193,0,6131,0,17,0,14.994535519125684,39.0,7,204,44,0,"membership-stage snapshots, not independent histories"
97027021,base,INCOMPLETE_RESOURCE_LIMIT,43,27,973,971,3453,42,750,893,1922,1908,1894,4,1878,1859,4284,164,11,380683,370609,15449,6269,6269,1146005,3805,3805,31,8137,557,0,6269,0,27,0,8.203637704313628,38.0,10,200,43,0,"membership-stage snapshots, not independent histories"
97027021,shifted,INCOMPLETE_RESOURCE_LIMIT,43,19,736,734,8479,42,665,130,232,220,207,3,191,184,452,14,10,240093,230522,6984,6046,6046,474027,3525,3525,6,2831,202,0,6046,0,19,0,15.251501236312258,39.0,6,200,43,0,"membership-stage snapshots, not independent histories"
97027022,base,INCOMPLETE_RESOURCE_LIMIT,46,25,596,594,4288,45,498,257,534,517,504,2,485,479,1131,39,11,307192,297839,7769,6150,6150,454555,3203,3203,14,3221,307,0,6150,0,25,0,11.587395218876125,39.0,11,204,46,0,"membership-stage snapshots, not independent histories"
97027022,shifted,INCOMPLETE_RESOURCE_LIMIT,45,14,655,653,8449,44,592,82,125,123,111,4,107,104,244,7,7,221968,211987,4547,7005,7005,407137,2976,2976,2,2335,185,0,7005,0,14,0,18.73576017130621,45.0,3,204,45,0,"membership-stage snapshots, not independent histories"
97027023,base,INCOMPLETE_RESOURCE_LIMIT,44,25,616,614,4241,43,497,371,759,741,721,2,703,691,1622,59,13,337841,328301,10357,6053,6053,498439,3487,3487,21,3883,323,0,6053,0,25,0,10.336080350244655,39.0,10,196,44,0,"membership-stage snapshots, not independent histories"
97027023,shifted,INCOMPLETE_RESOURCE_LIMIT,45,22,652,650,5543,44,585,102,167,150,136,2,122,107,290,6,13,332089,321609,7261,6790,6790,566817,3690,3690,2,2391,224,0,6790,0,22,0,17.871601840234213,44.0,4,196,45,0,"membership-stage snapshots, not independent histories"
97027024,base,INCOMPLETE_RESOURCE_LIMIT,43,26,612,610,3694,42,487,406,839,826,810,2,785,766,1810,64,15,346287,336240,14091,6095,6095,540860,3952,3952,25,4092,501,0,6095,0,26,0,9.975806451612904,40.0,9,204,43,0,"membership-stage snapshots, not independent histories"
97027024,shifted,INCOMPLETE_RESOURCE_LIMIT,44,19,635,633,6032,43,566,118,219,209,193,3,172,163,419,12,10,286351,275540,8832,6722,6722,508493,4089,4089,4,2485,192,0,6722,0,19,0,16.661569416498995,44.0,4,204,44,0,"membership-stage snapshots, not independent histories"
97027025,base,INCOMPLETE_RESOURCE_LIMIT,50,23,576,574,5008,49,501,120,231,222,211,1,190,178,456,11,12,337257,327807,8081,6877,6877,407217,2573,2573,5,2352,363,0,6877,0,23,0,15.276360544217686,44.0,7,204,50,0,"membership-stage snapshots, not independent histories"
97027025,shifted,INCOMPLETE_RESOURCE_LIMIT,51,17,587,585,7141,50,527,42,56,49,38,2,27,24,76,,7,256762,247034,5248,7166,7166,324899,2562,2562,0,1929,226,0,7166,0,17,0,18.949196474857438,45.0,8,204,51,0,"membership-stage snapshots, not independent histories"
97027026,base,INCOMPLETE_RESOURCE_LIMIT,42,28,806,804,2184,41,575,939,2039,2030,2017,1,1998,1977,4561,175,12,343076,333410,14704,5720,5720,874358,3946,3946,36,7958,1098,0,5720,0,28,0,6.875094244785122,31.0,13,196,42,0,"membership-stage snapshots, not independent histories"
97027026,shifted,INCOMPLETE_RESOURCE_LIMIT,49,21,615,613,5052,48,491,374,793,792,789,2,778,768,1773,67,6,300212,289476,9312,6638,6638,428338,4098,4098,23,4040,246,0,6638,0,21,0,10.213118811881188,42.0,8,196,49,0,"membership-stage snapshots, not independent histories"
97027027,base,INCOMPLETE_RESOURCE_LIMIT,48,20,605,603,5434,47,522,179,365,356,342,1,322,308,757,24,10,280715,271742,9156,6300,6300,430210,2673,2673,8,2798,353,0,6300,0,20,0,13.315582558970693,39.0,6,200,48,0,"membership-stage snapshots, not independent histories"
97027027,shifted,INCOMPLETE_RESOURCE_LIMIT,48,11,612,610,8871,47,556,34,50,42,28,2,22,16,62,,6,165314,156570,5204,6361,6361,279401,2383,2383,0,1979,224,0,6361,0,11,0,18.200606366851947,39.0,5,200,48,0,"membership-stage snapshots, not independent histories"
97027028,base,INCOMPLETE_UNRESOLVED_FIXED_POINT,4,3,61,59,1265,3,53,20,35,35,34,1,33,33,75,3,,1247,713,137,54,54,2346,480,480,1,281,131,0,54,0,3,0,2.501779359430605,4.0,2,196,4,0,"membership-stage snapshots, not independent histories"
97027028,shifted,INCOMPLETE_RESOURCE_LIMIT,45,26,761,759,5092,44,547,835,1794,1773,1767,3,1764,1755,4009,158,7,361070,350755,10287,6212,6212,644147,4103,4103,50,7177,1375,0,6212,0,26,0,7.1256792531698485,41.0,12,196,45,0,"membership-stage snapshots, not independent histories"
97027029,base,INCOMPLETE_RESOURCE_LIMIT,45,22,760,757,6863,44,673,204,400,391,374,1,363,354,839,28,12,284283,275082,8836,6109,6109,603194,3092,3092,9,3364,276,0,6109,0,22,0,13.717003567181926,39.0,12,204,45,0,"membership-stage snapshots, not independent histories"
97027029,shifted,INCOMPLETE_RESOURCE_LIMIT,51,24,477,475,4562,50,407,86,154,145,139,2,122,106,290,5,11,294902,285329,6333,6353,6353,247788,3220,3220,4,1856,263,0,6353,0,24,0,15.176724137931034,40.0,10,204,51,0,"membership-stage snapshots, not independent histories"
97027030,base,INCOMPLETE_UNRESOLVED_FIXED_POINT,11,13,289,287,4227,10,246,159,326,313,302,2,296,296,687,26,4,18172,16464,1404,497,497,54917,1211,1211,7,1730,440,0,497,0,13,0,3.9739884393063583,11.0,7,200,11,0,"membership-stage snapshots, not independent histories"
97027030,shifted,INCOMPLETE_RESOURCE_LIMIT,46,22,679,676,5877,45,546,425,911,900,891,2,872,853,2001,73,11,296033,285827,7545,6085,6085,403788,4121,4121,24,4505,989,0,6085,0,22,0,8.697225305216426,38.0,10,200,46,0,"membership-stage snapshots, not independent histories"
97027031,base,INCOMPLETE_RESOURCE_LIMIT,41,28,855,853,3334,40,556,1277,2759,2749,2723,4,2711,2695,6180,240,13,364953,355309,11245,5874,5874,732435,3770,3770,50,10061,1236,0,5874,0,28,0,5.730046715038267,31.0,14,204,41,0,"membership-stage snapshots, not independent histories"
97027031,shifted,INCOMPLETE_RESOURCE_LIMIT,40,29,759,757,1838,39,535,910,1974,1965,1957,2,1939,1925,4425,172,9,365571,355832,10417,5647,5647,892732,4092,4092,41,7649,547,0,5647,0,29,0,7.178193227872924,36.599999999999454,17,204,40,0,"membership-stage snapshots, not independent histories"
