seed,camera,H_completed,H_wrong_unique,H_unresolved,H_transition_error,H_actions,H_status,H_access_histories,H_nonempty_suffix_count,H_acquisition_exposure_sets,H_acquisition_cpu_seconds,H_acquisition_wall_seconds,H_peak_memory_bytes,H_learned_states,H_control_success,V_completed,V_wrong_unique,V_unresolved,V_transition_error,V_actions,V_status,V_access_histories,V_nonempty_suffix_count,V_acquisition_exposure_sets,V_acquisition_cpu_seconds,V_acquisition_wall_seconds,V_peak_memory_bytes,V_learned_states,V_control_success,completed_comparison,wrong_unique_comparison,unresolved_comparison,transition_error_comparison,actions_comparison
97027000,base,0,,,,9469,RUN_NOT_COMPLETED_OLD_CLOSURE_LIMIT,1001,0,14648,272.015625,273.7484757,91754496,,,0,,,,195103,INCOMPLETE_RESOURCE_LIMIT,43,27,500000,147.65625,148.86589859999998,933552128,,,tie,NOT_PAIRED_EVALUABLE,NOT_PAIRED_EVALUABLE,NOT_PAIRED_EVALUABLE,worsen
97027000,shifted,0,,,,11864,RUN_NOT_COMPLETED_OLD_CLOSURE_LIMIT,1001,0,12928,230.015625,230.7840156,122408960,,,0,,,,173410,INCOMPLETE_RESOURCE_LIMIT,45,22,500000,104.578125,107.49364640000002,852217856,,,tie,NOT_PAIRED_EVALUABLE,NOT_PAIRED_EVALUABLE,NOT_PAIRED_EVALUABLE,worsen
97027001,base,0,,,,12892,RUN_NOT_COMPLETED_OLD_CLOSURE_LIMIT,1001,0,13856,304.078125,306.489823,92397568,,,0,,,,187678,INCOMPLETE_RESOURCE_LIMIT,43,24,499984,154.1875,155.50586570000002,892858368,,,tie,NOT_PAIRED_EVALUABLE,NOT_PAIRED_EVALUABLE,NOT_PAIRED_EVALUABLE,worsen
97027001,shifted,0,,,,21769,RUN_NOT_COMPLETED_OLD_CLOSURE_LIMIT,1001,0,21216,653.15625,658.0918557,115478528,,,0,,,,174280,INCOMPLETE_RESOURCE_LIMIT,45,21,500000,146.34375,147.43801510000003,894828544,,,tie,NOT_PAIRED_EVALUABLE,NOT_PAIRED_EVALUABLE,NOT_PAIRED_EVALUABLE,worsen
97027002,base,0,,,,9571,RUN_NOT_COMPLETED_OLD_CLOSURE_LIMIT,1001,0,14176,303.734375,305.9527238,95158272,,,0,,,,202366,INCOMPLETE_RESOURCE_LIMIT,47,24,500000,138.296875,139.4917417,916791296,,,tie,NOT_PAIRED_EVALUABLE,NOT_PAIRED_EVALUABLE,NOT_PAIRED_EVALUABLE,worsen
97027002,shifted,0,,,,15488,RUN_NOT_COMPLETED_OLD_CLOSURE_LIMIT,1001,0,17136,197.96875,198.6387347,132136960,,,0,,,,193890,INCOMPLETE_RESOURCE_LIMIT,50,22,500000,146.8125,147.99877759999998,902524928,,,tie,NOT_PAIRED_EVALUABLE,NOT_PAIRED_EVALUABLE,NOT_PAIRED_EVALUABLE,worsen
97027003,base,0,,,,34887,RUN_NOT_COMPLETED_OLD_CLOSURE_LIMIT,1001,0,19360,541.0625,546.4217943000001,134316032,,,0,,,,191038,INCOMPLETE_RESOURCE_LIMIT,47,24,500000,112.78125,115.41454499999998,934858752,,,tie,NOT_PAIRED_EVALUABLE,NOT_PAIRED_EVALUABLE,NOT_PAIRED_EVALUABLE,worsen
97027003,shifted,0,,,,16909,RUN_NOT_COMPLETED_OLD_CLOSURE_LIMIT,1058,0,17280,750.234375,756.3522663,126799872,,,0,,,,182186,INCOMPLETE_RESOURCE_LIMIT,45,24,499984,151.484375,152.55122039999998,958795776,,,tie,NOT_PAIRED_EVALUABLE,NOT_PAIRED_EVALUABLE,NOT_PAIRED_EVALUABLE,worsen
97027004,base,0,,,,10324,RUN_NOT_COMPLETED_OLD_CLOSURE_LIMIT,1001,0,14528,428.90625,432.2911803,83791872,,,0,,,,190506,INCOMPLETE_RESOURCE_LIMIT,49,29,500000,163.0,164.03431730000003,1028952064,,,tie,NOT_PAIRED_EVALUABLE,NOT_PAIRED_EVALUABLE,NOT_PAIRED_EVALUABLE,worsen
97027004,shifted,0,,,,13892,RUN_NOT_COMPLETED_OLD_CLOSURE_LIMIT,1001,0,14872,264.453125,266.5034601,94343168,,,0,,,,178245,INCOMPLETE_RESOURCE_LIMIT,52,22,499984,154.359375,155.94126439999997,969109504,,,tie,NOT_PAIRED_EVALUABLE,NOT_PAIRED_EVALUABLE,NOT_PAIRED_EVALUABLE,worsen
97027005,base,0,,,,16688,RUN_NOT_COMPLETED_OLD_CLOSURE_LIMIT,1001,0,16160,185.15625,186.18809059999998,104767488,,,0,,,,177095,INCOMPLETE_RESOURCE_LIMIT,44,27,500000,111.140625,113.89719120000001,934854656,,,tie,NOT_PAIRED_EVALUABLE,NOT_PAIRED_EVALUABLE,NOT_PAIRED_EVALUABLE,worsen
97027005,shifted,0,,,,16913,RUN_NOT_COMPLETED_OLD_CLOSURE_LIMIT,1001,0,15760,344.40625,346.7549679,93908992,,,0,,,,173366,INCOMPLETE_RESOURCE_LIMIT,49,15,500000,132.953125,133.82015460000002,774848512,,,tie,NOT_PAIRED_EVALUABLE,NOT_PAIRED_EVALUABLE,NOT_PAIRED_EVALUABLE,worsen
97027006,base,0,,,,11589,RUN_NOT_COMPLETED_OLD_CLOSURE_LIMIT,1001,0,15968,276.296875,278.50459369999993,89755648,,,0,,,,177828,INCOMPLETE_RESOURCE_LIMIT,48,24,499984,150.84375,151.9501779,900706304,,,tie,NOT_PAIRED_EVALUABLE,NOT_PAIRED_EVALUABLE,NOT_PAIRED_EVALUABLE,worsen
97027006,shifted,0,,,,29379,RUN_NOT_COMPLETED_OLD_CLOSURE_LIMIT,1001,0,25768,352.78125,355.9679185,115122176,,,0,,,,171902,INCOMPLETE_RESOURCE_LIMIT,52,19,499984,141.4375,142.46832970000014,805826560,,,tie,NOT_PAIRED_EVALUABLE,NOT_PAIRED_EVALUABLE,NOT_PAIRED_EVALUABLE,worsen
97027007,base,0,,,,8878,RUN_NOT_COMPLETED_OLD_CLOSURE_LIMIT,1001,0,11904,381.859375,384.4731563,92606464,,,0,,,,188708,INCOMPLETE_RESOURCE_LIMIT,50,23,499984,150.375,151.70562839999997,895741952,,,tie,NOT_PAIRED_EVALUABLE,NOT_PAIRED_EVALUABLE,NOT_PAIRED_EVALUABLE,worsen
97027007,shifted,0,,,,25854,RUN_NOT_COMPLETED_OLD_CLOSURE_LIMIT,1001,0,16608,301.265625,303.5867511,98664448,,,0,,,,188015,INCOMPLETE_RESOURCE_LIMIT,51,17,500000,138.40625,139.57915029999998,807129088,,,tie,NOT_PAIRED_EVALUABLE,NOT_PAIRED_EVALUABLE,NOT_PAIRED_EVALUABLE,worsen
97027008,base,0,,,,14199,RUN_NOT_COMPLETED_OLD_CLOSURE_LIMIT,1001,0,16816,298.8125,301.0713903,100016128,,,0,,,,182796,INCOMPLETE_RESOURCE_LIMIT,44,25,499984,164.0,164.94744909999986,970108928,,,tie,NOT_PAIRED_EVALUABLE,NOT_PAIRED_EVALUABLE,NOT_PAIRED_EVALUABLE,worsen
97027008,shifted,0,,,,24091,RUN_NOT_COMPLETED_OLD_CLOSURE_LIMIT,1001,0,20680,281.625,283.7908135,105467904,,,0,,,,172496,INCOMPLETE_RESOURCE_LIMIT,45,22,499984,142.546875,143.4097398,851623936,,,tie,NOT_PAIRED_EVALUABLE,NOT_PAIRED_EVALUABLE,NOT_PAIRED_EVALUABLE,worsen
97027009,base,0,,,,11707,RUN_NOT_COMPLETED_OLD_CLOSURE_LIMIT,1001,0,16136,238.828125,240.35258000000002,104644608,,,0,,,,215744,INCOMPLETE_RESOURCE_LIMIT,44,26,499984,156.1875,157.8531477,969089024,,,tie,NOT_PAIRED_EVALUABLE,NOT_PAIRED_EVALUABLE,NOT_PAIRED_EVALUABLE,worsen
97027009,shifted,0,,,,17419,RUN_NOT_COMPLETED_OLD_CLOSURE_LIMIT,1001,0,19768,341.765625,344.44825660000004,100007936,,,0,,,,216308,INCOMPLETE_RESOURCE_LIMIT,45,25,500000,150.421875,151.61671030000002,940531712,,,tie,NOT_PAIRED_EVALUABLE,NOT_PAIRED_EVALUABLE,NOT_PAIRED_EVALUABLE,worsen
97027010,base,0,,,,14924,RUN_NOT_COMPLETED_OLD_CLOSURE_LIMIT,1001,0,15568,309.03125,312.33676779999996,85934080,,,0,,,,243608,INCOMPLETE_RESOURCE_LIMIT,46,27,499984,160.65625,162.15902499999999,978948096,,,tie,NOT_PAIRED_EVALUABLE,NOT_PAIRED_EVALUABLE,NOT_PAIRED_EVALUABLE,worsen
97027010,shifted,0,,,,14404,RUN_NOT_COMPLETED_OLD_CLOSURE_LIMIT,1001,0,18608,436.5,439.96505519999994,114462720,,,0,,,,175118,INCOMPLETE_RESOURCE_LIMIT,48,22,499984,149.515625,150.6658272,918114304,,,tie,NOT_PAIRED_EVALUABLE,NOT_PAIRED_EVALUABLE,NOT_PAIRED_EVALUABLE,worsen
97027011,base,0,,,,17379,RUN_NOT_COMPLETED_OLD_CLOSURE_LIMIT,1001,0,16408,173.34375,174.0460794,105828352,,,0,,,,184752,INCOMPLETE_RESOURCE_LIMIT,50,18,500000,148.28125,149.64986349999998,855494656,,,tie,NOT_PAIRED_EVALUABLE,NOT_PAIRED_EVALUABLE,NOT_PAIRED_EVALUABLE,worsen
97027011,shifted,0,,,,20109,RUN_NOT_COMPLETED_OLD_CLOSURE_LIMIT,1001,0,17968,327.53125,329.7198176,98562048,,,0,,,,183076,INCOMPLETE_RESOURCE_LIMIT,51,16,499984,145.15625,146.6685085,826441728,,,tie,NOT_PAIRED_EVALUABLE,NOT_PAIRED_EVALUABLE,NOT_PAIRED_EVALUABLE,worsen
97027012,base,0,,,,14961,RUN_NOT_COMPLETED_OLD_CLOSURE_LIMIT,1001,0,18816,262.03125,263.9790661,94203904,,,0,,,,196708,INCOMPLETE_RESOURCE_LIMIT,46,24,500000,158.53125,159.54656320000004,956694528,,,tie,NOT_PAIRED_EVALUABLE,NOT_PAIRED_EVALUABLE,NOT_PAIRED_EVALUABLE,worsen
97027012,shifted,0,,,,12499,RUN_NOT_COMPLETED_OLD_CLOSURE_LIMIT,1001,0,16528,205.828125,207.71199750000002,94720000,,,0,,,,195956,INCOMPLETE_RESOURCE_LIMIT,42,20,500000,140.8125,141.87289149999998,836034560,,,tie,NOT_PAIRED_EVALUABLE,NOT_PAIRED_EVALUABLE,NOT_PAIRED_EVALUABLE,worsen
97027013,base,0,,,,16396,RUN_NOT_COMPLETED_OLD_CLOSURE_LIMIT,1001,0,14456,356.5,358.3187552,110182400,,,0,,,,173392,INCOMPLETE_RESOURCE_LIMIT,46,22,500000,150.25,151.5204972,881803264,,,tie,NOT_PAIRED_EVALUABLE,NOT_PAIRED_EVALUABLE,NOT_PAIRED_EVALUABLE,worsen
97027013,shifted,0,,,,14958,RUN_NOT_COMPLETED_OLD_CLOSURE_LIMIT,1001,0,13520,344.21875,345.6071912,120492032,,,0,,,,170059,INCOMPLETE_RESOURCE_LIMIT,45,12,500000,117.0625,119.25907510000002,771600384,,,tie,NOT_PAIRED_EVALUABLE,NOT_PAIRED_EVALUABLE,NOT_PAIRED_EVALUABLE,worsen
97027014,base,0,,,,17816,RUN_NOT_COMPLETED_OLD_CLOSURE_LIMIT,1001,0,14480,313.65625,315.5314519,89223168,,,0,,,,198245,INCOMPLETE_RESOURCE_LIMIT,45,18,500000,147.578125,148.7234236,868245504,,,tie,NOT_PAIRED_EVALUABLE,NOT_PAIRED_EVALUABLE,NOT_PAIRED_EVALUABLE,worsen
97027014,shifted,0,,,,18947,RUN_NOT_COMPLETED_OLD_CLOSURE_LIMIT,1001,0,14384,251.0,252.219974,100978688,,,0,,,,197246,INCOMPLETE_RESOURCE_LIMIT,47,13,500000,134.4375,135.8586457,758505472,,,tie,NOT_PAIRED_EVALUABLE,NOT_PAIRED_EVALUABLE,NOT_PAIRED_EVALUABLE,worsen
97027015,base,0,,,,8628,RUN_NOT_COMPLETED_OLD_CLOSURE_LIMIT,1001,0,13704,375.171875,377.5801435,92008448,,,0,,,,223938,INCOMPLETE_RESOURCE_LIMIT,43,25,500000,160.15625,161.20478419999998,940400640,,,tie,NOT_PAIRED_EVALUABLE,NOT_PAIRED_EVALUABLE,NOT_PAIRED_EVALUABLE,worsen
97027015,shifted,0,,,,15574,RUN_NOT_COMPLETED_OLD_CLOSURE_LIMIT,1001,0,16848,512.515625,516.1443944,108318720,,,0,,,,177822,INCOMPLETE_RESOURCE_LIMIT,49,24,499984,150.828125,152.01996580000002,886198272,,,tie,NOT_PAIRED_EVALUABLE,NOT_PAIRED_EVALUABLE,NOT_PAIRED_EVALUABLE,worsen
97027016,base,0,,,,11099,RUN_NOT_COMPLETED_OLD_CLOSURE_LIMIT,1001,0,13008,404.5625,406.96311420000006,105046016,,,0,,,,194522,INCOMPLETE_RESOURCE_LIMIT,49,24,500000,150.8125,151.99243760000002,931061760,,,tie,NOT_PAIRED_EVALUABLE,NOT_PAIRED_EVALUABLE,NOT_PAIRED_EVALUABLE,worsen
97027016,shifted,0,,,,11169,RUN_NOT_COMPLETED_OLD_CLOSURE_LIMIT,1001,0,13336,300.90625,302.55129750000003,110600192,,,0,,,,190846,INCOMPLETE_RESOURCE_LIMIT,48,16,500000,137.78125,139.68045289999998,803045376,,,tie,NOT_PAIRED_EVALUABLE,NOT_PAIRED_EVALUABLE,NOT_PAIRED_EVALUABLE,worsen
97027017,base,0,,,,19047,RUN_NOT_COMPLETED_OLD_CLOSURE_LIMIT,1001,0,17912,230.09375,231.56703530000004,106012672,,,0,,,,235197,INCOMPLETE_RESOURCE_LIMIT,42,27,499984,156.921875,158.14551260000002,963612672,,,tie,NOT_PAIRED_EVALUABLE,NOT_PAIRED_EVALUABLE,NOT_PAIRED_EVALUABLE,worsen
97027017,shifted,0,,,,14461,RUN_NOT_COMPLETED_OLD_CLOSURE_LIMIT,1001,0,16480,503.203125,506.65783709999994,104382464,,,0,,,,183666,INCOMPLETE_RESOURCE_LIMIT,51,21,500000,74.890625,76.88490279999996,889692160,,,tie,NOT_PAIRED_EVALUABLE,NOT_PAIRED_EVALUABLE,NOT_PAIRED_EVALUABLE,worsen
97027018,base,0,,,,8543,RUN_NOT_COMPLETED_OLD_CLOSURE_LIMIT,1001,0,12584,595.34375,600.8116429,104087552,,,0,,,,77354,INCOMPLETE_UNRESOLVED_FIXED_POINT,16,20,229072,37.078125,38.15068010000002,341843968,,,tie,NOT_PAIRED_EVALUABLE,NOT_PAIRED_EVALUABLE,NOT_PAIRED_EVALUABLE,worsen
97027018,shifted,0,,,,20939,RUN_NOT_COMPLETED_OLD_CLOSURE_LIMIT,1001,0,20568,417.5,422.65915930000006,125243392,,,0,,,,169520,INCOMPLETE_RESOURCE_LIMIT,45,21,500000,79.09375,80.58905399999999,857354240,,,tie,NOT_PAIRED_EVALUABLE,NOT_PAIRED_EVALUABLE,NOT_PAIRED_EVALUABLE,worsen
97027019,base,0,,,,10261,RUN_NOT_COMPLETED_OLD_CLOSURE_LIMIT,1001,0,14632,239.203125,241.36880879999998,90722304,,,0,,,,193720,INCOMPLETE_RESOURCE_LIMIT,48,22,500000,150.75,151.7972255,897675264,,,tie,NOT_PAIRED_EVALUABLE,NOT_PAIRED_EVALUABLE,NOT_PAIRED_EVALUABLE,worsen
97027019,shifted,0,,,,17390,RUN_NOT_COMPLETED_OLD_CLOSURE_LIMIT,1001,0,19112,198.8125,199.5731086,131485696,,,0,,,,186850,INCOMPLETE_RESOURCE_LIMIT,48,20,499984,147.28125,148.2277678999999,899289088,,,tie,NOT_PAIRED_EVALUABLE,NOT_PAIRED_EVALUABLE,NOT_PAIRED_EVALUABLE,worsen
97027020,base,0,,,,11156,RUN_NOT_COMPLETED_OLD_CLOSURE_LIMIT,1001,0,14280,302.71875,304.5837125,96968704,,,0,,,,194242,INCOMPLETE_RESOURCE_LIMIT,44,26,500000,143.359375,144.83257329999998,931819520,,,tie,NOT_PAIRED_EVALUABLE,NOT_PAIRED_EVALUABLE,NOT_PAIRED_EVALUABLE,worsen
97027020,shifted,0,,,,13173,RUN_NOT_COMPLETED_OLD_CLOSURE_LIMIT,1001,0,15696,405.1875,408.0618516999999,112001024,,,0,,,,193778,INCOMPLETE_RESOURCE_LIMIT,44,17,500000,143.15625,144.54400480000004,813326336,,,tie,NOT_PAIRED_EVALUABLE,NOT_PAIRED_EVALUABLE,NOT_PAIRED_EVALUABLE,worsen
97027021,base,0,,,,11354,RUN_NOT_COMPLETED_OLD_CLOSURE_LIMIT,1001,0,14928,327.0,328.8820165,95694848,,,0,,,,203322,INCOMPLETE_RESOURCE_LIMIT,43,27,499984,116.078125,118.39431969999987,988360704,,,tie,NOT_PAIRED_EVALUABLE,NOT_PAIRED_EVALUABLE,NOT_PAIRED_EVALUABLE,worsen
97027021,shifted,0,,,,34489,RUN_NOT_COMPLETED_OLD_CLOSURE_LIMIT,1001,0,18872,440.015625,442.95360600000004,121090048,,,0,,,,184679,INCOMPLETE_RESOURCE_LIMIT,43,19,499984,139.8125,141.0669628,822468608,,,tie,NOT_PAIRED_EVALUABLE,NOT_PAIRED_EVALUABLE,NOT_PAIRED_EVALUABLE,worsen
97027022,base,0,,,,19315,RUN_NOT_COMPLETED_OLD_CLOSURE_LIMIT,1001,0,16840,564.96875,569.3547477,118870016,,,0,,,,178736,INCOMPLETE_RESOURCE_LIMIT,46,25,499984,148.75,150.06366000000003,890781696,,,tie,NOT_PAIRED_EVALUABLE,NOT_PAIRED_EVALUABLE,NOT_PAIRED_EVALUABLE,worsen
97027022,shifted,0,,,,17324,RUN_NOT_COMPLETED_OLD_CLOSURE_LIMIT,1001,0,15288,364.640625,367.32132049999996,92106752,,,0,,,,170251,INCOMPLETE_RESOURCE_LIMIT,45,14,500000,139.234375,140.24969650000003,800247808,,,tie,NOT_PAIRED_EVALUABLE,NOT_PAIRED_EVALUABLE,NOT_PAIRED_EVALUABLE,worsen
97027023,base,0,,,,15574,RUN_NOT_COMPLETED_OLD_CLOSURE_LIMIT,1001,0,15648,302.1875,305.2201848,95772672,,,0,,,,176569,INCOMPLETE_RESOURCE_LIMIT,44,25,500000,153.171875,154.3146837000004,923971584,,,tie,NOT_PAIRED_EVALUABLE,NOT_PAIRED_EVALUABLE,NOT_PAIRED_EVALUABLE,worsen
97027023,shifted,0,,,,17882,RUN_NOT_COMPLETED_OLD_CLOSURE_LIMIT,1001,0,13584,518.84375,523.2976203000001,117436416,,,0,,,,171633,INCOMPLETE_RESOURCE_LIMIT,45,22,500000,129.640625,132.2892898,917127168,,,tie,NOT_PAIRED_EVALUABLE,NOT_PAIRED_EVALUABLE,NOT_PAIRED_EVALUABLE,worsen
97027024,base,0,,,,12502,RUN_NOT_COMPLETED_OLD_CLOSURE_LIMIT,1001,0,13904,237.796875,239.53208610000001,93646848,,,0,,,,177025,INCOMPLETE_RESOURCE_LIMIT,43,26,500000,154.984375,156.39963290000003,933982208,,,tie,NOT_PAIRED_EVALUABLE,NOT_PAIRED_EVALUABLE,NOT_PAIRED_EVALUABLE,worsen
97027024,shifted,0,,,,22542,RUN_NOT_COMPLETED_OLD_CLOSURE_LIMIT,1001,0,20760,152.265625,152.6506489,116154368,,,0,,,,172932,INCOMPLETE_RESOURCE_LIMIT,44,19,500000,144.546875,145.99178270000004,867651584,,,tie,NOT_PAIRED_EVALUABLE,NOT_PAIRED_EVALUABLE,NOT_PAIRED_EVALUABLE,worsen
97027025,base,0,,,,18924,RUN_NOT_COMPLETED_OLD_CLOSURE_LIMIT,1001,0,14824,344.375,346.65284540000005,91226112,,,0,,,,183772,INCOMPLETE_RESOURCE_LIMIT,50,23,499984,153.328125,154.4564702,925880320,,,tie,NOT_PAIRED_EVALUABLE,NOT_PAIRED_EVALUABLE,NOT_PAIRED_EVALUABLE,worsen
97027025,shifted,0,,,,2759,IMPLEMENTATION_ERROR,67,0,4288,2.875,2.957323599999995,58040320,,,0,,,,182014,INCOMPLETE_RESOURCE_LIMIT,51,17,500000,141.453125,142.47647640000002,839282688,,,tie,NOT_PAIRED_EVALUABLE,NOT_PAIRED_EVALUABLE,NOT_PAIRED_EVALUABLE,worsen
97027026,base,0,,,,16196,RUN_NOT_COMPLETED_OLD_CLOSURE_LIMIT,1001,0,15992,353.265625,356.35094649999996,96796672,,,0,,,,200773,INCOMPLETE_RESOURCE_LIMIT,42,28,500000,114.71875,117.19340620000003,936361984,,,tie,NOT_PAIRED_EVALUABLE,NOT_PAIRED_EVALUABLE,NOT_PAIRED_EVALUABLE,worsen
97027026,shifted,0,,,,16829,RUN_NOT_COMPLETED_OLD_CLOSURE_LIMIT,1001,0,18648,260.078125,261.9065527,128421888,,,0,,,,178021,INCOMPLETE_RESOURCE_LIMIT,49,21,499984,146.1875,147.4069783,886800384,,,tie,NOT_PAIRED_EVALUABLE,NOT_PAIRED_EVALUABLE,NOT_PAIRED_EVALUABLE,worsen
97027027,base,0,,,,15886,RUN_NOT_COMPLETED_OLD_CLOSURE_LIMIT,1001,0,13456,384.984375,387.3495876,91484160,,,0,,,,178710,INCOMPLETE_RESOURCE_LIMIT,48,20,500000,146.84375,147.91425660000002,863150080,,,tie,NOT_PAIRED_EVALUABLE,NOT_PAIRED_EVALUABLE,NOT_PAIRED_EVALUABLE,worsen
97027027,shifted,0,,,,6186,RUN_NOT_COMPLETED_OLD_CLOSURE_LIMIT,1001,0,10384,268.125,269.1697096000007,88244224,,,0,,,,176500,INCOMPLETE_RESOURCE_LIMIT,48,11,500000,114.0,117.06420500000002,735617024,,,tie,NOT_PAIRED_EVALUABLE,NOT_PAIRED_EVALUABLE,NOT_PAIRED_EVALUABLE,worsen
97027028,base,0,,,,6499,RUN_NOT_COMPLETED_OLD_CLOSURE_LIMIT,1001,0,11960,228.15625,228.9173807,93667328,,,0,,,,12854,INCOMPLETE_UNRESOLVED_FIXED_POINT,4,3,61072,9.125,9.343691000000007,116551680,,,tie,NOT_PAIRED_EVALUABLE,NOT_PAIRED_EVALUABLE,NOT_PAIRED_EVALUABLE,worsen
97027028,shifted,0,,,,8074,RUN_NOT_COMPLETED_OLD_CLOSURE_LIMIT,1001,0,12808,537.296875,540.814364,105103360,,,0,,,,212948,INCOMPLETE_RESOURCE_LIMIT,45,26,500000,154.71875,155.91142339999988,968839168,,,tie,NOT_PAIRED_EVALUABLE,NOT_PAIRED_EVALUABLE,NOT_PAIRED_EVALUABLE,worsen
97027029,base,0,,,,39858,RUN_NOT_COMPLETED_OLD_CLOSURE_LIMIT,1000,1,27792,409.234375,411.2244655999998,165838848,,,0,,,,181342,INCOMPLETE_RESOURCE_LIMIT,45,22,500000,151.703125,153.80461509999998,868368384,,,tie,NOT_PAIRED_EVALUABLE,NOT_PAIRED_EVALUABLE,NOT_PAIRED_EVALUABLE,worsen
97027029,shifted,0,,,,35540,RUN_NOT_COMPLETED_OLD_CLOSURE_LIMIT,1000,1,24472,435.78125,438.00197900000006,194543616,,,0,,,,171752,INCOMPLETE_RESOURCE_LIMIT,51,24,499984,145.1875,146.6897835,878108672,,,tie,NOT_PAIRED_EVALUABLE,NOT_PAIRED_EVALUABLE,NOT_PAIRED_EVALUABLE,worsen
97027030,base,0,,,,10179,RUN_NOT_COMPLETED_OLD_CLOSURE_LIMIT,1001,0,13112,381.734375,384.6998704,88588288,,,0,,,,47204,INCOMPLETE_UNRESOLVED_FIXED_POINT,11,13,161872,39.765625,40.0927671,238956544,,,tie,NOT_PAIRED_EVALUABLE,NOT_PAIRED_EVALUABLE,NOT_PAIRED_EVALUABLE,worsen
97027030,shifted,0,,,,10411,RUN_NOT_COMPLETED_OLD_CLOSURE_LIMIT,1001,0,15616,415.640625,418.96053829999994,106680320,,,0,,,,220152,INCOMPLETE_RESOURCE_LIMIT,46,22,500000,146.703125,147.72673020000002,887238656,,,tie,NOT_PAIRED_EVALUABLE,NOT_PAIRED_EVALUABLE,NOT_PAIRED_EVALUABLE,worsen
97027031,base,0,,,,17952,RUN_NOT_COMPLETED_OLD_CLOSURE_LIMIT,1001,0,18232,220.921875,221.87911539999993,104550400,,,0,,,,246603,INCOMPLETE_RESOURCE_LIMIT,41,28,500000,162.578125,163.75948630000002,980094976,,,tie,NOT_PAIRED_EVALUABLE,NOT_PAIRED_EVALUABLE,NOT_PAIRED_EVALUABLE,worsen
97027031,shifted,0,,,,18189,RUN_NOT_COMPLETED_OLD_CLOSURE_LIMIT,1001,0,19256,167.890625,168.4856274,109867008,,,0,,,,181634,INCOMPLETE_RESOURCE_LIMIT,40,29,500000,155.953125,157.5728625,964218880,,,tie,NOT_PAIRED_EVALUABLE,NOT_PAIRED_EVALUABLE,NOT_PAIRED_EVALUABLE,worsen
