seed,method,control,accepted_edits,final_model_evaluation_index,final_known_state_action_pairs,initial_known_states,initial_known_state_action_pairs,training_cpu_seconds,evaluation_cpu_seconds,virtual_field_solve_cpu_seconds,action_entropy,dead_end_rate,edge_coverage,explore_steps,goal_reuse_rate,max_play_steps,mean_actions_to_goal,random_success_rate,random_successes,repeated_loop_rate,state_coverage,strategic_gap,success_rate,successes,trials,unexplored_regions,unique_successful_trajectories
79020000,frontier_t0,random_mutation,2,14,1887,293,1285,208.5625,211.34375,0.0,0.684,0.0,1887,2500,1.0,100,11.0,0.02,1,0.0,406,0.98,1.0,50,50,71,1
79020000,frontier_t0,targeted,3,14,1934,293,1285,181.046875,183.96875,0.0,0.684,0.0,1934,2500,1.0,100,11.0,0.0,0,0.0,431,1.0,1.0,50,50,72,1
79020000,structural,random_mutation,2,14,1943,283,1212,2.484375,5.15625,0.0,0.684,0.0,1943,2500,1.0,100,11.0,0.02,1,0.0,421,0.98,1.0,50,50,71,1
79020000,structural,targeted,3,13,1817,283,1212,2.546875,4.96875,0.0,0.684,0.0,1817,2500,1.0,100,11.0,0.04,2,0.0,409,0.96,1.0,50,50,73,1
79020000,virtual_frontier,random_mutation,1,1,1701,288,1252,277.328125,279.6875,7.453125,0.684,0.0,1701,2500,1.0,100,11.0,0.0,0,0.0,377,1.0,1.0,50,50,70,1
79020000,virtual_frontier,targeted,3,10,1993,288,1252,256.65625,259.09375,8.671875,0.684,0.0,1993,2500,0.0,100,11.0,0.0,0,0.0,440,1.0,1.0,50,50,72,1
79020001,frontier_t0,random_mutation,2,11,1688,439,1848,173.625,175.265625,0.0,0.954,0.0,1688,2500,1.0,100,8.0,0.1,5,0.0,375,0.9,1.0,50,50,73,1
79020001,frontier_t0,targeted,4,20,1757,439,1848,176.453125,178.109375,0.0,0.863,0.0,1757,2500,1.0,100,7.0,0.1,5,0.0,427,0.9,1.0,50,50,76,1
79020001,structural,random_mutation,2,11,1737,440,1774,2.65625,4.859375,0.0,0.954,0.0,1737,2500,1.0,100,8.0,0.1,5,0.0,460,0.9,1.0,50,50,73,1
79020001,structural,targeted,2,6,1630,440,1774,2.640625,4.890625,0.0,0.863,0.0,1630,2500,1.0,100,7.0,0.14,7,0.0,389,0.86,1.0,50,50,75,1
79020001,virtual_frontier,random_mutation,2,6,1722,411,1611,244.828125,246.40625,5.125,0.954,0.0,1722,2500,1.0,100,8.0,0.14,7,0.0,462,0.86,1.0,50,50,74,1
79020001,virtual_frontier,targeted,5,16,1689,411,1611,253.25,254.84375,5.828125,0.863,0.0,1689,2500,1.0,100,7.0,0.18,9,0.0,409,0.82,1.0,50,50,76,1
79020002,frontier_t0,random_mutation,3,5,2097,304,1300,219.5625,221.703125,0.0,0.65,0.0,2097,2500,1.0,100,6.0,0.2,10,0.0,544,0.8,1.0,50,50,75,1
79020002,frontier_t0,targeted,4,18,1778,304,1300,219.46875,222.359375,0.0,1.787,0.0,1778,2500,0.0,100,29.0,0.02,1,0.0,390,0.98,1.0,50,50,55,1
79020002,structural,random_mutation,4,17,1922,431,1718,2.421875,5.125,0.0,1.75,0.0,1922,2500,1.0,100,21.0,0.08,4,0.0,508,0.92,1.0,50,50,63,1
79020002,structural,targeted,3,20,1993,431,1718,2.34375,5.046875,0.0,0.918,0.0,1993,2500,1.0,100,3.0,0.4,20,0.0,465,0.6,1.0,50,50,76,1
79020002,virtual_frontier,random_mutation,4,19,2073,409,1736,261.078125,263.828125,8.15625,1.75,0.0,2073,2500,1.0,100,21.0,0.04,2,0.0,582,0.96,1.0,50,50,64,1
79020002,virtual_frontier,targeted,2,20,1023,409,1736,271.515625,274.203125,7.765625,1.772,0.0,1023,2500,1.0,100,18.0,0.34,17,0.0,243,0.66,1.0,50,50,63,1
79020003,frontier_t0,random_mutation,2,10,1041,2,6,194.703125,197.765625,0.0,1.689,0.0,1041,2500,1.0,100,15.0,0.0,0,0.0,227,1.0,1.0,50,50,67,1
79020003,frontier_t0,targeted,5,18,1165,2,6,150.296875,153.703125,0.0,1.627,0.0,1165,2500,1.0,100,32.0,0.12,6,0.0,274,0.88,1.0,50,50,55,1
79020003,structural,random_mutation,2,9,1019,2,6,2.890625,5.9375,0.0,1.64,0.0,1019,2500,1.0,100,15.0,0.0,0,0.0,227,1.0,1.0,50,50,67,1
79020003,structural,targeted,5,18,1112,2,6,2.921875,6.3125,0.0,1.627,0.0,1112,2500,1.0,100,32.0,0.12,6,0.0,259,0.88,1.0,50,50,55,1
79020003,virtual_frontier,random_mutation,2,9,1082,2,6,322.140625,325.078125,3.953125,1.64,0.0,1082,2500,1.0,100,15.0,0.0,0,0.0,244,1.0,1.0,50,50,67,1
79020003,virtual_frontier,targeted,5,18,1154,2,6,233.96875,237.40625,3.171875,1.627,0.0,1154,2500,1.0,100,32.0,0.12,6,0.0,273,0.88,1.0,50,50,55,1
79020004,frontier_t0,random_mutation,3,16,1080,293,1303,250.515625,253.390625,0.0,1.545,0.0,1080,2500,1.0,100,21.0,0.02,1,0.0,252,0.98,1.0,50,50,64,1
79020004,frontier_t0,targeted,0,0,1303,293,1303,239.359375,244.671875,0.0,2.322,1.0,1303,2500,1.0,100,100.0,0.1,5,0.99,293,-0.1,0.0,0,50,76,0
79020004,structural,random_mutation,3,17,1447,447,1715,2.515625,5.125,0.0,1.799,0.0,1447,2500,1.0,100,19.0,0.0,0,0.0,342,1.0,1.0,50,50,63,1
79020004,structural,targeted,0,0,1715,447,1715,2.4375,7.859375,0.0,2.322,1.0,1715,2500,1.0,100,100.0,0.1,5,0.99,447,-0.1,0.0,0,50,76,0
79020004,virtual_frontier,random_mutation,3,14,2165,448,1716,275.703125,278.046875,7.796875,0.918,0.0,2165,2500,1.0,100,6.0,0.18,9,0.0,573,0.82,1.0,50,50,75,1
79020004,virtual_frontier,targeted,0,0,1716,448,1716,264.625,269.609375,8.203125,2.322,1.0,1716,2500,1.0,100,100.0,0.1,5,0.99,448,-0.1,0.0,0,50,76,0
79020005,frontier_t0,random_mutation,2,20,1862,417,1942,135.796875,137.671875,0.0,1.549,0.0,1862,2500,1.0,100,13.0,0.04,2,0.0,400,0.96,1.0,50,50,67,2
79020005,frontier_t0,targeted,1,1,1946,417,1942,144.5,146.109375,0.0,1.539,0.0,1946,2500,1.0,100,11.0,0.04,2,0.0,415,0.96,1.0,50,50,68,2
79020005,structural,random_mutation,2,14,1493,337,1277,2.625,5.28125,0.0,1.549,0.0,1493,2500,1.0,100,13.0,0.02,1,0.0,367,0.98,1.0,50,50,68,2
79020005,structural,targeted,0,0,1277,337,1277,2.625,4.78125,0.0,1.539,0.0,1277,2500,1.0,100,11.0,0.04,2,0.0,337,0.96,1.0,50,50,69,2
79020005,virtual_frontier,random_mutation,1,14,1685,391,1629,316.953125,319.640625,7.15625,1.539,0.0,1685,2500,1.0,100,11.0,0.04,2,0.0,399,0.96,1.0,50,50,70,2
79020005,virtual_frontier,targeted,0,0,1629,391,1629,381.609375,383.78125,5.71875,1.539,0.0,1629,2500,1.0,100,11.0,0.04,2,0.0,391,0.96,1.0,50,50,69,2
79020006,frontier_t0,random_mutation,1,6,1729,410,1692,227.0625,229.5625,0.0,1.87,0.0,1729,2500,1.0,100,26.0,0.14,7,0.0,417,0.86,1.0,50,50,58,1
79020006,frontier_t0,targeted,5,10,2065,410,1692,207.8125,210.890625,0.0,1.87,0.0,2065,2500,1.0,100,26.0,0.02,1,0.0,489,0.98,1.0,50,50,61,1
79020006,structural,random_mutation,6,15,1747,402,1587,1.890625,3.78125,0.0,1.765,0.0,1747,2500,1.0,100,18.0,0.08,4,0.0,426,0.92,1.0,50,50,65,1
79020006,structural,targeted,5,16,1878,402,1587,1.765625,4.28125,0.0,1.946,0.0,1878,2500,1.0,100,27.0,0.2,10,0.0,491,0.8,1.0,50,50,62,1
79020006,virtual_frontier,random_mutation,2,17,1806,313,1272,247.28125,249.4375,6.328125,1.957,0.0,1806,2500,1.0,100,25.0,0.2,10,0.0,429,0.8,1.0,50,50,62,1
79020006,virtual_frontier,targeted,5,13,1821,313,1272,241.71875,244.015625,6.734375,1.933,0.0,1821,2500,1.0,100,24.0,0.22,11,0.0,472,0.78,1.0,50,50,66,1
79020007,frontier_t0,random_mutation,2,4,1805,397,1627,252.328125,255.078125,0.0,1.239,0.0,1805,2500,1.0,100,13.0,0.14,7,0.0,471,0.86,1.0,50,50,67,1
79020007,frontier_t0,targeted,2,15,1764,397,1627,240.71875,243.234375,0.0,1.239,0.0,1764,2500,1.0,100,13.0,0.1,5,0.0,414,0.9,1.0,50,50,68,1
79020007,structural,random_mutation,3,18,1913,377,1495,2.625,5.109375,0.0,1.296,0.0,1913,2500,1.0,100,13.0,0.14,7,0.0,507,0.86,1.0,50,50,67,1
79020007,structural,targeted,1,4,1469,377,1495,2.703125,5.234375,0.0,1.239,0.0,1469,2500,1.0,100,13.0,0.08,4,0.0,368,0.92,1.0,50,50,67,1
79020007,virtual_frontier,random_mutation,2,9,1812,402,1584,171.25,172.75,4.46875,1.742,0.0,1812,2500,1.0,100,32.0,0.06,3,0.0,484,0.94,1.0,50,50,58,1
79020007,virtual_frontier,targeted,3,15,1784,402,1584,160.34375,161.578125,4.4375,1.239,0.0,1784,2500,1.0,100,13.0,0.08,4,0.0,446,0.92,1.0,50,50,68,1
